{"type":"FeatureCollection","features":[{"type":"Feature","geometry":{"type":"Polygon","coordinates":[[[23.846920158715765,47.372460142594896],[23.840047007564785,47.372491969172394],[23.82807446110009,47.36771719764207],[23.82078751957808,47.36989130713776],[23.817820725118775,47.36813480144087],[23.8092233485351,47.3752837806967],[23.80996558962766,47.385941251780345],[23.811745472190307,47.388972930730425],[23.80184189675465,47.40092785144732],[23.806295228603965,47.406520129791716],[23.806257703351854,47.41896034208295],[23.81265496070872,47.42450366584555],[23.81252566245969,47.42732774206698],[23.799728693799025,47.43049881745193],[23.79618675263837,47.42795238631534],[23.789732536210764,47.431861512146206],[23.779643267744273,47.4301248816556],[23.77442645639027,47.432849399270964],[23.768051453569182,47.43197731038492],[23.76680385972219,47.41324161610516],[23.75200137516075,47.403639571253464],[23.744566020173185,47.40012339282946],[23.739943241671014,47.39525213705943],[23.739181500374887,47.38334543095208],[23.735827932922124,47.382014414634064],[23.737175621355647,47.367090552744266],[23.736119164697254,47.3628561634419],[23.72650229547543,47.356220624345575],[23.72095620776852,47.35892784282381],[23.712449028441657,47.35213045571038],[23.701187753622065,47.34863259082742],[23.701139704807723,47.34115513006982],[23.70663646633316,47.33819467572464],[23.70918572888095,47.33266966123829],[23.717271303401,47.33237103027198],[23.727457402223987,47.3210400321166],[23.73678534249083,47.32303002786053],[23.745416130721487,47.320672874841776],[23.75059154288685,47.32627181746348],[23.760073675421847,47.32587855322536],[23.762307654802573,47.330726531568736],[23.759918277865946,47.33541629202569],[23.785014606856173,47.336008706378074],[23.797540379958058,47.33983730677737],[23.816555521789073,47.343784536770876],[23.824937496093266,47.344744195969035],[23.829883202123266,47.338399941847676],[23.84138931643929,47.340022092850866],[23.83257157900883,47.34804362370083],[23.837268722065833,47.349592051392875],[23.840019849886538,47.35787511595745],[23.843720824596218,47.3630153351459],[23.846920158715765,47.372460142594896]]]},"properties":{"id":1939,"natCode":107868,"name":"Coroieni","natLevName":"Comuna","countyId":24,"countyCode":243,"county":"Maramureș","countyMn":"MM","regionId":6,"regionCode":868,"region":"Nord-Vest","version":"2025-03-26"}},{"type":"Feature","geometry":{"type":"Polygon","coordinates":[[[23.622808025980298,47.433916007415476],[23.608578246860233,47.43475643538425],[23.602323682866025,47.43738426994467],[23.59075226129461,47.430312353540536],[23.584888402446776,47.43115688654938],[23.582155923385205,47.4349599466368],[23.5684102993064,47.433140343262096],[23.55092475624033,47.43556219534181],[23.537238555280485,47.42917788366423],[23.521690364019467,47.43125955470652],[23.51318694404049,47.42555261236788],[23.509146456050825,47.41994386247273],[23.502102399218668,47.40573311875149],[23.5157102003032,47.39618566993019],[23.53055269325367,47.393646827966215],[23.537647159380523,47.39388066425294],[23.546154752118237,47.3877100338794],[23.551336978353568,47.37548976202788],[23.557311273209493,47.36663160777785],[23.558043587086658,47.363716844359175],[23.56799096151333,47.36333739734741],[23.571117194615667,47.3612134380514],[23.578509812736616,47.36460118044067],[23.585285107124776,47.37252882963372],[23.59424176899832,47.374626464727996],[23.60254273543025,47.37305534619647],[23.611131007107094,47.37720968850809],[23.613453687772985,47.382054592418015],[23.61121822721565,47.3873943714468],[23.61708316821207,47.39191278247932],[23.622081845828955,47.390679645390726],[23.63147124479195,47.39603599084901],[23.63720192708199,47.39201487225548],[23.646730924257476,47.391629010271714],[23.645097137516274,47.39777708939517],[23.651343002013913,47.400729944440975],[23.656330035537476,47.40948846309376],[23.646556742436445,47.41857367239236],[23.64507907925372,47.427634493953846],[23.638096117189505,47.431705715486224],[23.63281697156965,47.43722315397135],[23.622808025980298,47.433916007415476]]]},"properties":{"id":1942,"natCode":107430,"name":"Boiu Mare","natLevName":"Comuna","countyId":24,"countyCode":243,"county":"Maramureș","countyMn":"MM","regionId":6,"regionCode":868,"region":"Nord-Vest","version":"2025-03-26"}},{"type":"Feature","geometry":{"type":"Polygon","coordinates":[[[23.521690364019467,47.43125955470652],[23.510864348927115,47.4309057086093],[23.50435467938877,47.43393101714526],[23.512085292437977,47.43654082713868],[23.511210451400245,47.44020423064094],[23.49615654657455,47.44407650662445],[23.49330321078894,47.44741082180084],[23.48459036570738,47.44983123066992],[23.47389854400353,47.44773545389671],[23.469040665657456,47.44047826771215],[23.464966324110158,47.440589420193284],[23.465354128493015,47.446728241805715],[23.45742335465154,47.44325481716112],[23.44518608234868,47.44060938858453],[23.440958653319356,47.437113856715214],[23.434626734051967,47.44024380307335],[23.433903209414897,47.44320458003982],[23.433201011123725,47.43413659447257],[23.424676104036823,47.428541764559355],[23.417260578590895,47.42908914160794],[23.40304644247555,47.43442637373289],[23.402104691891033,47.43793823415585],[23.39262585268964,47.4385929692681],[23.39308358243584,47.435073091823014],[23.383858538200183,47.43503307941105],[23.374438358364774,47.437218531607336],[23.37283842429637,47.427776130868345],[23.36692310549471,47.42587357284662],[23.363396109103345,47.42180509628945],[23.355500177497554,47.419224646414804],[23.35493001747951,47.41570589129066],[23.359243172888203,47.41275947028705],[23.362093216113923,47.40554914133509],[23.36211090975619,47.40012611455334],[23.375158979652998,47.39163962722437],[23.377689366386765,47.38811812610277],[23.39100199661123,47.38820221083559],[23.39722208172941,47.39180081208179],[23.401946064314846,47.388067717194],[23.40754718324214,47.390605623260626],[23.413850691187935,47.385466354820835],[23.42009842290916,47.3882106046144],[23.437604027024786,47.380954564944396],[23.453862525923665,47.378885079814175],[23.47969763006019,47.37771097579277],[23.48491890340707,47.37592554681967],[23.492774187764336,47.36602284189376],[23.50418605004166,47.363013681579716],[23.50863840811307,47.36258697054011],[23.51746047059161,47.36850144775163],[23.52757749000126,47.369488973964216],[23.533878224595426,47.36711093187103],[23.538713282422332,47.36961340952024],[23.557311273209493,47.36663160777785],[23.551336978353568,47.37548976202788],[23.546154752118237,47.3877100338794],[23.537647159380523,47.39388066425294],[23.53055269325367,47.393646827966215],[23.5157102003032,47.39618566993019],[23.502102399218668,47.40573311875149],[23.509146456050825,47.41994386247273],[23.51318694404049,47.42555261236788],[23.521690364019467,47.43125955470652]]]},"properties":{"id":1948,"natCode":109354,"name":"Valea Chioarului","natLevName":"Comuna","countyId":24,"countyCode":243,"county":"Maramureș","countyMn":"MM","regionId":6,"regionCode":868,"region":"Nord-Vest","version":"2025-03-26"}},{"type":"Feature","geometry":{"type":"Polygon","coordinates":[[[23.70077438376254,47.440715880182346],[23.689442163567843,47.441182439725154],[23.690496417379702,47.44861557449918],[23.687248000219153,47.45814015061024],[23.670247309617697,47.461986231755546],[23.65995062848506,47.45964907934108],[23.660763347600895,47.45537757343785],[23.65313102979134,47.45385792314935],[23.648635496034807,47.45078583756225],[23.640172185214393,47.453677087652366],[23.630035908016314,47.45217321370302],[23.62355859377565,47.44373011547277],[23.622808025980298,47.433916007415476],[23.63281697156965,47.43722315397135],[23.638096117189505,47.431705715486224],[23.64507907925372,47.427634493953846],[23.646556742436445,47.41857367239236],[23.656330035537476,47.40948846309376],[23.651343002013913,47.400729944440975],[23.645097137516274,47.39777708939517],[23.646730924257476,47.391629010271714],[23.661087833498712,47.37948867134402],[23.667900401602775,47.37983877230569],[23.665221226496037,47.37467712302146],[23.66799527192119,47.365194507961235],[23.673071688450786,47.363720505631726],[23.6745308966568,47.35946937128466],[23.680649658031655,47.35506634008275],[23.688609508111046,47.35183131666972],[23.69619860452723,47.35446678472692],[23.70299871299479,47.352586416183485],[23.712449028441657,47.35213045571038],[23.72095620776852,47.35892784282381],[23.72650229547543,47.356220624345575],[23.736119164697254,47.3628561634419],[23.737175621355647,47.367090552744266],[23.735827932922124,47.382014414634064],[23.739181500374887,47.38334543095208],[23.739943241671014,47.39525213705943],[23.744566020173185,47.40012339282946],[23.75200137516075,47.403639571253464],[23.76680385972219,47.41324161610516],[23.768051453569182,47.43197731038492],[23.760750206265918,47.43268882980614],[23.758070640632308,47.43534113940226],[23.744965088055952,47.43643711551104],[23.738273199788754,47.444091622087164],[23.728568213288955,47.44240860537652],[23.72031068731821,47.4359193834356],[23.7147218573648,47.43967537934973],[23.707444194313698,47.436472281442086],[23.70077438376254,47.440715880182346]]]},"properties":{"id":1953,"natCode":109425,"name":"Vima Mică","natLevName":"Comuna","countyId":24,"countyCode":243,"county":"Maramureș","countyMn":"MM","regionId":6,"regionCode":868,"region":"Nord-Vest","version":"2025-03-26"}},{"type":"Feature","geometry":{"type":"Polygon","coordinates":[[[24.11845426475148,47.47967719348847],[24.10942460467751,47.479869892046665],[24.091499686482884,47.4775740886695],[24.08789589563729,47.4762105252819],[24.08430555753766,47.469258703247874],[24.07668388804106,47.46894399368129],[24.0763202600007,47.45971445622871],[24.058655410649983,47.46259740115217],[24.057789422824136,47.46574554603945],[24.05070787156396,47.46923168458183],[24.044146784299997,47.47013582475891],[24.04234336614419,47.47545076701809],[24.0332965450358,47.47457068358763],[24.033197619337137,47.46933000244163],[24.02304491190457,47.46388883275463],[24.014549205632523,47.46465299613518],[24.013602302588147,47.45998878155993],[24.00485927608696,47.462067880022786],[23.987767437609467,47.45515049162925],[23.98367833130302,47.45273132777126],[23.96486059660214,47.45219117250363],[23.949488960070667,47.45613039889835],[23.943940640620898,47.4518085065518],[23.937135047162364,47.45120712944853],[23.939758193514738,47.43787007595577],[23.938736984405498,47.43411840706092],[23.943204255074697,47.42571820842291],[23.941512523709676,47.41678048049903],[23.943776602936467,47.403255380408496],[23.94746740697229,47.40230118224095],[23.948274037671247,47.39546350506083],[23.95703715173714,47.39230518009741],[23.969567731020586,47.391667342753095],[23.981455808954514,47.38946982513493],[23.986157468035774,47.38390488366916],[24.002140668793626,47.37686068811095],[23.999996936861574,47.3659742014307],[24.008825572652615,47.3650068915032],[24.016177764055676,47.36176416323571],[24.022721144781823,47.361963181208104],[24.031364778276803,47.361547907503954],[24.037811774957383,47.37407154559617],[24.04383981145268,47.37368386250271],[24.04897222595785,47.3772190530775],[24.059475654342105,47.377656253927526],[24.06410726980875,47.385625757848715],[24.070469692648384,47.39022831330678],[24.07200804290104,47.396761669593765],[24.07631470291048,47.402762914946095],[24.072031754497,47.40730175082323],[24.076221866258308,47.41202691651136],[24.08333281212108,47.41101067560571],[24.085708153735645,47.41752335048397],[24.093344530382215,47.41752575610012],[24.09406671451723,47.42244856975566],[24.10263260769905,47.42144982786639],[24.109498251096912,47.42680872689656],[24.110354491989025,47.43346101740263],[24.119227225268084,47.43766081075726],[24.121125929336426,47.44288870229794],[24.118025587199753,47.447273871913225],[24.123768842603766,47.45770148374464],[24.120035441275853,47.461809427493264],[24.128822787217757,47.46566950993805],[24.12869235793003,47.46957761869066],[24.123851654527208,47.47328670623399],[24.126471441831587,47.4789885465874],[24.11845426475148,47.47967719348847]]]},"properties":{"id":1954,"natCode":109041,"name":"Suciu de Sus","natLevName":"Comuna","countyId":24,"countyCode":243,"county":"Maramureș","countyMn":"MM","regionId":6,"regionCode":868,"region":"Nord-Vest","version":"2025-03-26"}},{"type":"Feature","geometry":{"type":"Polygon","coordinates":[[[23.17507699376298,47.4538815992688],[23.167666772341427,47.45067922868353],[23.154382770447647,47.46083782504852],[23.133762699215264,47.46830939063009],[23.124443196651807,47.47875790339941],[23.11644275555752,47.481648630328365],[23.111060466562222,47.47966601580918],[23.10200741085864,47.47940745988738],[23.094456296559773,47.476781288375015],[23.091803635696284,47.47987757428237],[23.08476341403104,47.48165909355648],[23.065929130122615,47.482255375180586],[23.06087812749775,47.48348016032535],[23.045683366208312,47.484147003677485],[23.04344558810714,47.48043042080998],[23.04737569890126,47.474487876677365],[23.04694299896678,47.46935200266055],[23.05198567009229,47.46392054353295],[23.05008417218998,47.45996650441366],[23.05399804371223,47.455864904449356],[23.047248006883567,47.45098114901445],[23.058799368246184,47.442319503311744],[23.05304782906399,47.43764460196899],[23.058113108469307,47.43672324625623],[23.061037377228086,47.44075633555327],[23.079162363103418,47.444911668561005],[23.087453032705238,47.44341974684231],[23.097267867986396,47.43909713270767],[23.106108367035993,47.44237272007502],[23.108775789632933,47.44395119081095],[23.124042449158082,47.444784593143176],[23.14029710138947,47.44407106295179],[23.156642590467005,47.441496527679305],[23.17507699376298,47.4538815992688]]]},"properties":{"id":1959,"natCode":108366,"name":"Oarța de Jos","natLevName":"Comuna","countyId":24,"countyCode":243,"county":"Maramureș","countyMn":"MM","regionId":6,"regionCode":868,"region":"Nord-Vest","version":"2025-03-26"}},{"type":"Feature","geometry":{"type":"Polygon","coordinates":[[[23.04419784495087,47.48719316700374],[23.03147550553701,47.485700012076265],[23.016162494972846,47.48796914144488],[23.013310592924757,47.492308664521744],[23.007217452355484,47.49300352897075],[22.99953099920609,47.49066993039544],[22.994122650494212,47.493540796405135],[22.986977081982133,47.48344277727601],[22.974979010965832,47.48700695173495],[22.963248514270955,47.48646484923252],[22.96148124190921,47.47847548703559],[22.965421161839064,47.474657478148025],[22.970975554334856,47.47645326512703],[22.975316734526547,47.46918618393002],[22.981176405889553,47.46539169473764],[22.9834111291971,47.46063002445144],[22.965329785349372,47.455639166511595],[22.96705183736118,47.44719057323397],[22.964215773137223,47.439446166884174],[22.981020936515296,47.43458878819981],[22.993109324602923,47.43363921226392],[22.99780244938243,47.43079508235541],[23.009933726272518,47.43388079681797],[23.016892117459314,47.43296141337648],[23.023589099105823,47.42947655050838],[23.027451733323975,47.41925389646186],[23.030993447282874,47.41576939934097],[23.03996357139333,47.42152352364092],[23.04372447856473,47.43275650396754],[23.05304782906399,47.43764460196899],[23.058799368246184,47.442319503311744],[23.047248006883567,47.45098114901445],[23.05399804371223,47.455864904449356],[23.05008417218998,47.45996650441366],[23.05198567009229,47.46392054353295],[23.04694299896678,47.46935200266055],[23.04737569890126,47.474487876677365],[23.04344558810714,47.48043042080998],[23.045683366208312,47.484147003677485],[23.04419784495087,47.48719316700374]]]},"properties":{"id":1966,"natCode":107234,"name":"Bicaz","natLevName":"Comuna","countyId":24,"countyCode":243,"county":"Maramureș","countyMn":"MM","regionId":6,"regionCode":868,"region":"Nord-Vest","version":"2025-03-26"}},{"type":"Feature","geometry":{"type":"Polygon","coordinates":[[[23.308090612042072,47.5015073363998],[23.29577068960579,47.50235160923395],[23.285340919553335,47.50001564795359],[23.281137169410485,47.504684713886],[23.270024477285077,47.50369108433974],[23.274097989742383,47.515025020961524],[23.266965110364435,47.51274053780097],[23.252689263722495,47.504738388754056],[23.255670462004424,47.496893148772784],[23.24051564181445,47.49374217976584],[23.235130150395946,47.4878560566719],[23.230105068887735,47.487019723970974],[23.217548487363043,47.478016594797424],[23.202348606425165,47.47059545004782],[23.1907294286416,47.46344638371311],[23.195524023046783,47.458762041466784],[23.190756777934894,47.45592428535124],[23.19245843242837,47.45279630103779],[23.205664815631142,47.447875712805995],[23.205473153292534,47.44198018498451],[23.211565788788594,47.437223885821],[23.220588876236498,47.43314923011408],[23.22184025109537,47.4389938361958],[23.225104795858762,47.43986903230598],[23.23710092655015,47.43489210192912],[23.244824999927754,47.43572485484214],[23.254306815007997,47.433239459841296],[23.259223202089576,47.427903301183306],[23.263054706992754,47.428818488760555],[23.269381941716066,47.42515566195138],[23.27749369664046,47.424545981296745],[23.28708626132635,47.426814685623974],[23.287951415222768,47.42276696742887],[23.296386057358017,47.422211951145705],[23.31129411008916,47.423893622441376],[23.316483219686518,47.4195159360513],[23.32306076561832,47.41467097399882],[23.336238517420348,47.4119054572357],[23.34131681929717,47.414899422540856],[23.349996846978087,47.41288014097548],[23.35493001747951,47.41570589129066],[23.355500177497554,47.419224646414804],[23.363396109103345,47.42180509628945],[23.36692310549471,47.42587357284662],[23.36316115014289,47.4328272571368],[23.3631382745071,47.438371988911456],[23.357734224940707,47.44006006229411],[23.355078440591395,47.44657154273689],[23.34574603866765,47.44899338278336],[23.33021859069363,47.45966595700508],[23.324539020108286,47.46085338662208],[23.324094831850054,47.46539614571184],[23.330543821096416,47.471706240132306],[23.324855565668347,47.479454794742864],[23.326494601924562,47.48464782102242],[23.3245011467951,47.48869545649069],[23.309970935213926,47.49521183886861],[23.308090612042072,47.5015073363998]]]},"properties":{"id":1969,"natCode":109265,"name":"Ulmeni","natLevName":"Oras","countyId":24,"countyCode":243,"county":"Maramureș","countyMn":"MM","regionId":6,"regionCode":868,"region":"Nord-Vest","version":"2025-03-26"}},{"type":"Feature","geometry":{"type":"Polygon","coordinates":[[[23.163834733915273,47.5020312694887],[23.1505091105694,47.50059433046509],[23.142865724798508,47.50427047619741],[23.126980194277817,47.506352696868305],[23.118140624079537,47.51115852374182],[23.120412466131853,47.51549690526974],[23.113856313944503,47.520909218929056],[23.103750015610597,47.52367621851023],[23.096546772680924,47.530832621071895],[23.08811732691042,47.532987878141704],[23.07609201461149,47.539540572737934],[23.070580707297374,47.541058508032705],[23.05700215820111,47.54191567036651],[23.052956468037387,47.54424448646824],[23.04941453568502,47.539324294673165],[23.05185973230667,47.52971976709502],[23.049458741574266,47.52134856082401],[23.045221039080435,47.518322162692314],[23.04209535580627,47.50755273588244],[23.045706195990793,47.49630727786389],[23.04419784495087,47.48719316700374],[23.045683366208312,47.484147003677485],[23.06087812749775,47.48348016032535],[23.065929130122615,47.482255375180586],[23.08476341403104,47.48165909355648],[23.091803635696284,47.47987757428237],[23.094456296559773,47.476781288375015],[23.10200741085864,47.47940745988738],[23.111060466562222,47.47966601580918],[23.11644275555752,47.481648630328365],[23.124443196651807,47.47875790339941],[23.133762699215264,47.46830939063009],[23.154382770447647,47.46083782504852],[23.167666772341427,47.45067922868353],[23.17507699376298,47.4538815992688],[23.183578978475296,47.45905698351937],[23.18496892074276,47.45485742394734],[23.19245843242837,47.45279630103779],[23.190756777934894,47.45592428535124],[23.195524023046783,47.458762041466784],[23.1907294286416,47.46344638371311],[23.202348606425165,47.47059545004782],[23.19528199153192,47.47715627902843],[23.184142720177153,47.482826323123],[23.178767028109828,47.48767115853987],[23.168294210710926,47.49227848995977],[23.15999835408801,47.4976432372114],[23.163834733915273,47.5020312694887]]]},"properties":{"id":1981,"natCode":107190,"name":"Băsești","natLevName":"Comuna","countyId":24,"countyCode":243,"county":"Maramureș","countyMn":"MM","regionId":6,"regionCode":868,"region":"Nord-Vest","version":"2025-03-26"}},{"type":"Feature","geometry":{"type":"Polygon","coordinates":[[[23.608669690833263,47.54833890918531],[23.58153442559559,47.55346840845252],[23.5800621265598,47.55538812502084],[23.563032186932645,47.551794808511104],[23.557060835449192,47.54695177990091],[23.565237948983135,47.54331330933953],[23.563226444164794,47.540114684457016],[23.568414284527087,47.536120812860254],[23.56422711508083,47.53168661956532],[23.557147532197558,47.534092717016016],[23.557572398662902,47.52858099591227],[23.56483678719792,47.52614859483188],[23.566468369360727,47.51692746619551],[23.582271201398473,47.5056737591506],[23.58651025374787,47.50629534395141],[23.593658391240027,47.503084780568145],[23.587238568807123,47.49750408191708],[23.58292691669158,47.496937509276016],[23.574220740144767,47.49162961686175],[23.581288802030347,47.48835256679498],[23.58549630515775,47.48371567338302],[23.59092684286288,47.483274885551566],[23.59749319914261,47.487647259293766],[23.604421139813088,47.487092172120114],[23.616939388463635,47.47881268643407],[23.622380886969488,47.47806049848622],[23.627894147492842,47.48191236965612],[23.62182992608378,47.49005178797946],[23.624134385402634,47.49492010161186],[23.618115856625174,47.50106172932108],[23.620644559937674,47.50638907985593],[23.61482380338435,47.51086448854575],[23.622655267236375,47.51703206345041],[23.625615069685974,47.523576963548656],[23.62164449510742,47.530293501924255],[23.61235730356635,47.53413142165119],[23.611483156965125,47.54660877849626],[23.608669690833263,47.54833890918531]]]},"properties":{"id":1982,"natCode":179837,"name":"Coaș","natLevName":"Comuna","countyId":24,"countyCode":243,"county":"Maramureș","countyMn":"MM","regionId":6,"regionCode":868,"region":"Nord-Vest","version":"2025-03-26"}},{"type":"Feature","geometry":{"type":"Polygon","coordinates":[[[23.966933457620573,47.48534438832228],[23.957258476503256,47.482427481289186],[23.94722841374201,47.4771262656722],[23.93587561224362,47.48836085800067],[23.93817987792546,47.49384445563118],[23.93348330759484,47.50079684710773],[23.933047607010348,47.51059848546084],[23.92463192894753,47.51634100529687],[23.922651047069984,47.51954781272448],[23.914188513860495,47.5240680945605],[23.90906311459259,47.52255111888565],[23.896906035614844,47.52266121748242],[23.894498532543846,47.525318774082706],[23.88224443157511,47.52843925097695],[23.877499400064323,47.53348112834018],[23.875251877937718,47.543686515615455],[23.85043627623963,47.55927015546135],[23.84659094043896,47.55468266067595],[23.836434091657804,47.54943504232734],[23.82429312707466,47.548043116916745],[23.80548261412485,47.54020007700242],[23.794780310621846,47.52939898495267],[23.795947695804028,47.52193397606992],[23.799257739826235,47.52018668219206],[23.803218202930317,47.508907298294915],[23.807447597470475,47.50251169914023],[23.80256319430229,47.49914731444141],[23.78338514720786,47.492436771039486],[23.777788976742816,47.487506072501034],[23.77095814277374,47.478551419369445],[23.769440836219665,47.469570491694284],[23.759275361786106,47.47202057269339],[23.74565763885051,47.47032702492173],[23.746173593248564,47.46157676892259],[23.73970395554055,47.46203412893643],[23.723690883333454,47.46210752702631],[23.717537098051636,47.44887333329477],[23.706968072291005,47.44621589989095],[23.70077438376254,47.440715880182346],[23.707444194313698,47.436472281442086],[23.7147218573648,47.43967537934973],[23.72031068731821,47.4359193834356],[23.728568213288955,47.44240860537652],[23.738273199788754,47.444091622087164],[23.744965088055952,47.43643711551104],[23.758070640632308,47.43534113940226],[23.760750206265918,47.43268882980614],[23.768051453569182,47.43197731038492],[23.77442645639027,47.432849399270964],[23.779643267744273,47.4301248816556],[23.789732536210764,47.431861512146206],[23.79618675263837,47.42795238631534],[23.799728693799025,47.43049881745193],[23.81252566245969,47.42732774206698],[23.81265496070872,47.42450366584555],[23.806257703351854,47.41896034208295],[23.806295228603965,47.406520129791716],[23.80184189675465,47.40092785144732],[23.811745472190307,47.388972930730425],[23.80996558962766,47.385941251780345],[23.8092233485351,47.3752837806967],[23.817820725118775,47.36813480144087],[23.82078751957808,47.36989130713776],[23.82807446110009,47.36771719764207],[23.840047007564785,47.372491969172394],[23.846920158715765,47.372460142594896],[23.852448781404146,47.368216015988104],[23.871839865819478,47.37170446639199],[23.8872933983207,47.3656465130469],[23.8885444101784,47.36205856448565],[23.897724923482382,47.354541248919205],[23.907341999283425,47.35443469850043],[23.917244445908025,47.35676795019168],[23.92265229640511,47.352127809027415],[23.933277099974454,47.357130947125],[23.943145762556725,47.3602704056803],[23.956022769128065,47.3595602256379],[23.969374996346385,47.365624672154],[23.983234418398155,47.36509013444393],[23.989565345631718,47.36224322778726],[23.999996936861574,47.3659742014307],[24.002140668793626,47.37686068811095],[23.986157468035774,47.38390488366916],[23.981455808954514,47.38946982513493],[23.969567731020586,47.391667342753095],[23.95703715173714,47.39230518009741],[23.948274037671247,47.39546350506083],[23.94746740697229,47.40230118224095],[23.943776602936467,47.403255380408496],[23.941512523709676,47.41678048049903],[23.943204255074697,47.42571820842291],[23.938736984405498,47.43411840706092],[23.939758193514738,47.43787007595577],[23.937135047162364,47.45120712944853],[23.943940640620898,47.4518085065518],[23.949488960070667,47.45613039889835],[23.96486059660214,47.45219117250363],[23.98367833130302,47.45273132777126],[23.987767437609467,47.45515049162925],[23.976518700957072,47.462622186187055],[23.969011801462507,47.4779070870356],[23.966933457620573,47.48534438832228]]]},"properties":{"id":1984,"natCode":106817,"name":"Târgu Lăpuș","natLevName":"Oras","countyId":24,"countyCode":243,"county":"Maramureș","countyMn":"MM","regionId":6,"regionCode":868,"region":"Nord-Vest","version":"2025-03-26"}},{"type":"Feature","geometry":{"type":"Polygon","coordinates":[[[23.473414243262287,47.55360481159923],[23.465957829751186,47.55522014826962],[23.46281304378138,47.553045519980145],[23.447855838404255,47.550741368131],[23.43871471792105,47.548037344929035],[23.44041708878775,47.54266653616337],[23.428533347894625,47.539304700292924],[23.431588709339124,47.53582742747974],[23.42669041842845,47.52534775049772],[23.415757270115652,47.5178128642237],[23.41277058053136,47.50848468893152],[23.406706850959523,47.50672390173189],[23.39758001297167,47.51079171613664],[23.3984536820045,47.49508636436094],[23.40002968638701,47.491535081607424],[23.399505227194414,47.482882738305726],[23.410786774132887,47.47946182329335],[23.424406465190255,47.4735464393817],[23.43166038289722,47.46572676816912],[23.43034010356203,47.45992258124565],[23.43145992508312,47.44828057833254],[23.433903209414897,47.44320458003982],[23.434626734051967,47.44024380307335],[23.440958653319356,47.437113856715214],[23.44518608234868,47.44060938858453],[23.45742335465154,47.44325481716112],[23.465354128493015,47.446728241805715],[23.464966324110158,47.440589420193284],[23.469040665657456,47.44047826771215],[23.47389854400353,47.44773545389671],[23.48459036570738,47.44983123066992],[23.49330321078894,47.44741082180084],[23.49615654657455,47.44407650662445],[23.511210451400245,47.44020423064094],[23.512085292437977,47.43654082713868],[23.50435467938877,47.43393101714526],[23.510864348927115,47.4309057086093],[23.521690364019467,47.43125955470652],[23.537238555280485,47.42917788366423],[23.55092475624033,47.43556219534181],[23.5684102993064,47.433140343262096],[23.582155923385205,47.4349599466368],[23.584888402446776,47.43115688654938],[23.59075226129461,47.430312353540536],[23.602323682866025,47.43738426994467],[23.608578246860233,47.43475643538425],[23.622808025980298,47.433916007415476],[23.62355859377565,47.44373011547277],[23.630035908016314,47.45217321370302],[23.627095543508588,47.459038797700394],[23.622694992879275,47.461527945631275],[23.623861107065757,47.47058555188017],[23.634623511038438,47.47729873846907],[23.627894147492842,47.48191236965612],[23.622380886969488,47.47806049848622],[23.616939388463635,47.47881268643407],[23.604421139813088,47.487092172120114],[23.59749319914261,47.487647259293766],[23.59092684286288,47.483274885551566],[23.589635220096433,47.47742704893074],[23.572285875993014,47.470617726333884],[23.563453885710768,47.469905851920934],[23.553943661892916,47.47591873625777],[23.53771261199108,47.48274498339997],[23.535834598766133,47.4895514298862],[23.52902311555054,47.49005407779946],[23.521569939210625,47.49433840909764],[23.52057316257554,47.49814007104871],[23.513724145723668,47.50048623149166],[23.502665310148608,47.49890422793308],[23.49216564402277,47.50531480275789],[23.482431731401796,47.513184257453815],[23.480785099827376,47.52133053566978],[23.47727495031246,47.52349578234971],[23.48792636607665,47.53383318789689],[23.495360783178096,47.53304343732219],[23.49517026266543,47.540954845441],[23.48862215718703,47.54285792472588],[23.481364423510833,47.54229211209575],[23.47835570317571,47.54555688747962],[23.477760301174186,47.55157782527681],[23.473414243262287,47.55360481159923]]]},"properties":{"id":1985,"natCode":109176,"name":"Șomcuta Mare","natLevName":"Oras","countyId":24,"countyCode":243,"county":"Maramureș","countyMn":"MM","regionId":6,"regionCode":868,"region":"Nord-Vest","version":"2025-03-26"}},{"type":"Feature","geometry":{"type":"Polygon","coordinates":[[[23.315669554842756,47.540425311285475],[23.286060413873532,47.53704453108225],[23.2747773291554,47.54546544988475],[23.269246547024363,47.5468360121368],[23.26682765790642,47.55726017384744],[23.26009201797955,47.56362920893295],[23.25815636855331,47.55087214000673],[23.248438010360616,47.54978087019749],[23.254331585223042,47.54027827191368],[23.25429545590331,47.52903996150358],[23.256080555855174,47.527522554488854],[23.260830664406832,47.52546602107377],[23.260560641413036,47.51971021412599],[23.26781148936703,47.518549565189375],[23.266965110364435,47.51274053780097],[23.274097989742383,47.515025020961524],[23.270024477285077,47.50369108433974],[23.281137169410485,47.504684713886],[23.285340919553335,47.50001564795359],[23.29577068960579,47.50235160923395],[23.308090612042072,47.5015073363998],[23.316201935117338,47.507385240295235],[23.314647736044275,47.510935862266884],[23.322434334842047,47.51446194380311],[23.322736953366096,47.520010590473994],[23.314193841586448,47.52147605216444],[23.317978966686006,47.52739724103823],[23.328274381383487,47.51985199762243],[23.331626823434128,47.52555327774182],[23.321781625051347,47.531416281553454],[23.32134916108302,47.5402759216855],[23.315669554842756,47.540425311285475]]]},"properties":{"id":1990,"natCode":108918,"name":"Sălsig","natLevName":"Comuna","countyId":24,"countyCode":243,"county":"Maramureș","countyMn":"MM","regionId":6,"regionCode":868,"region":"Nord-Vest","version":"2025-03-26"}},{"type":"Feature","geometry":{"type":"Polygon","coordinates":[[[23.34535980859804,47.565467890942145],[23.34610470077811,47.567154212686646],[23.341737093106147,47.56443163429784],[23.33123676391565,47.56556183972206],[23.326408900488453,47.56064587282072],[23.332510814602447,47.557586869396694],[23.334646861003545,47.55215419049224],[23.330908399243942,47.5480824031849],[23.31933371940287,47.54720070035944],[23.315669554842756,47.540425311285475],[23.32134916108302,47.5402759216855],[23.321781625051347,47.531416281553454],[23.331626823434128,47.52555327774182],[23.328274381383487,47.51985199762243],[23.317978966686006,47.52739724103823],[23.314193841586448,47.52147605216444],[23.322736953366096,47.520010590473994],[23.322434334842047,47.51446194380311],[23.314647736044275,47.510935862266884],[23.316201935117338,47.507385240295235],[23.308090612042072,47.5015073363998],[23.309970935213926,47.49521183886861],[23.3245011467951,47.48869545649069],[23.326494601924562,47.48464782102242],[23.324855565668347,47.479454794742864],[23.330543821096416,47.471706240132306],[23.324094831850054,47.46539614571184],[23.324539020108286,47.46085338662208],[23.33021859069363,47.45966595700508],[23.34574603866765,47.44899338278336],[23.355078440591395,47.44657154273689],[23.357734224940707,47.44006006229411],[23.3631382745071,47.438371988911456],[23.36316115014289,47.4328272571368],[23.36692310549471,47.42587357284662],[23.37283842429637,47.427776130868345],[23.374438358364774,47.437218531607336],[23.383858538200183,47.43503307941105],[23.39308358243584,47.435073091823014],[23.39262585268964,47.4385929692681],[23.402104691891033,47.43793823415585],[23.40304644247555,47.43442637373289],[23.417260578590895,47.42908914160794],[23.424676104036823,47.428541764559355],[23.433201011123725,47.43413659447257],[23.433903209414897,47.44320458003982],[23.43145992508312,47.44828057833254],[23.43034010356203,47.45992258124565],[23.43166038289722,47.46572676816912],[23.424406465190255,47.4735464393817],[23.410786774132887,47.47946182329335],[23.399505227194414,47.482882738305726],[23.40002968638701,47.491535081607424],[23.3984536820045,47.49508636436094],[23.39758001297167,47.51079171613664],[23.387390227829083,47.513525441462555],[23.384686063694055,47.51796998773723],[23.372409212628124,47.5185914311869],[23.367111439122443,47.515617951854786],[23.360931175603376,47.51980388399937],[23.365901910160574,47.52575026460077],[23.35856829803806,47.52796076985059],[23.359475879918023,47.53280387890708],[23.356299030056206,47.53791758927389],[23.348443316361216,47.5394772589097],[23.350683430520473,47.54341011069468],[23.360938808832337,47.54842061429316],[23.35341099449318,47.56020789006048],[23.345668130177994,47.55758395409379],[23.34535980859804,47.565467890942145]]]},"properties":{"id":1991,"natCode":108268,"name":"Mireșu Mare","natLevName":"Comuna","countyId":24,"countyCode":243,"county":"Maramureș","countyMn":"MM","regionId":6,"regionCode":868,"region":"Nord-Vest","version":"2025-03-26"}},{"type":"Feature","geometry":{"type":"Polygon","coordinates":[[[23.496769077419962,47.57323817783531],[23.48283677445471,47.57237383788079],[23.473808504149634,47.56655541229897],[23.47870371253624,47.56356362658653],[23.473414243262287,47.55360481159923],[23.477760301174186,47.55157782527681],[23.47835570317571,47.54555688747962],[23.481364423510833,47.54229211209575],[23.48862215718703,47.54285792472588],[23.49517026266543,47.540954845441],[23.495360783178096,47.53304343732219],[23.48792636607665,47.53383318789689],[23.47727495031246,47.52349578234971],[23.480785099827376,47.52133053566978],[23.482431731401796,47.513184257453815],[23.49216564402277,47.50531480275789],[23.502665310148608,47.49890422793308],[23.513724145723668,47.50048623149166],[23.52057316257554,47.49814007104871],[23.521569939210625,47.49433840909764],[23.52902311555054,47.49005407779946],[23.535834598766133,47.4895514298862],[23.53771261199108,47.48274498339997],[23.553943661892916,47.47591873625777],[23.563453885710768,47.469905851920934],[23.572285875993014,47.470617726333884],[23.589635220096433,47.47742704893074],[23.59092684286288,47.483274885551566],[23.58549630515775,47.48371567338302],[23.581288802030347,47.48835256679498],[23.574220740144767,47.49162961686175],[23.58292691669158,47.496937509276016],[23.587238568807123,47.49750408191708],[23.593658391240027,47.503084780568145],[23.58651025374787,47.50629534395141],[23.582271201398473,47.5056737591506],[23.566468369360727,47.51692746619551],[23.56483678719792,47.52614859483188],[23.557572398662902,47.52858099591227],[23.557147532197558,47.534092717016016],[23.56422711508083,47.53168661956532],[23.568414284527087,47.536120812860254],[23.563226444164794,47.540114684457016],[23.565237948983135,47.54331330933953],[23.557060835449192,47.54695177990091],[23.543266356149495,47.5512351807485],[23.537475757354823,47.549246197025326],[23.525462478690855,47.54957563467779],[23.51713573041278,47.56188958037542],[23.524566486450084,47.570729062357316],[23.515648195735395,47.56747541930476],[23.50040749720093,47.56999604742274],[23.496769077419962,47.57323817783531]]]},"properties":{"id":1993,"natCode":108491,"name":"Remetea Chioarului","natLevName":"Comuna","countyId":24,"countyCode":243,"county":"Maramureș","countyMn":"MM","regionId":6,"regionCode":868,"region":"Nord-Vest","version":"2025-03-26"}},{"type":"Feature","geometry":{"type":"Polygon","coordinates":[[[23.281397774694994,47.576882782827354],[23.266305900550684,47.58071287901229],[23.260719513614607,47.58086738706161],[23.257208871761005,47.57178345774071],[23.26009201797955,47.56362920893295],[23.26682765790642,47.55726017384744],[23.269246547024363,47.5468360121368],[23.2747773291554,47.54546544988475],[23.286060413873532,47.53704453108225],[23.315669554842756,47.540425311285475],[23.31933371940287,47.54720070035944],[23.330908399243942,47.5480824031849],[23.334646861003545,47.55215419049224],[23.332510814602447,47.557586869396694],[23.326408900488453,47.56064587282072],[23.33123676391565,47.56556183972206],[23.341737093106147,47.56443163429784],[23.34610470077811,47.567154212686646],[23.325182501010556,47.56974355563514],[23.31898018527801,47.5684828415524],[23.30274841222337,47.568400870550015],[23.289922482974507,47.570954242616104],[23.281397774694994,47.576882782827354]]]},"properties":{"id":1999,"natCode":179855,"name":"Gârdani","natLevName":"Comuna","countyId":24,"countyCode":243,"county":"Maramureș","countyMn":"MM","regionId":6,"regionCode":868,"region":"Nord-Vest","version":"2025-03-26"}},{"type":"Feature","geometry":{"type":"Polygon","coordinates":[[[23.228547119239963,47.520382013744324],[23.221010204974434,47.52350375366418],[23.210869667423292,47.5324106641484],[23.201391651283135,47.530376838849456],[23.187635649562704,47.53838789510912],[23.182889480926,47.54328536574392],[23.174521574013298,47.54226449547707],[23.164650313803822,47.54999638515225],[23.15399199894858,47.54920525253954],[23.15335565930907,47.555141613709964],[23.150240171194735,47.55827870281216],[23.142215156979017,47.56012398734024],[23.133506168263953,47.553177076950604],[23.118265734282538,47.560263280869364],[23.10354590186526,47.56148060309118],[23.092125734193583,47.56630881010633],[23.088804426992343,47.57435130455376],[23.079310949146027,47.57939061130238],[23.065323905766157,47.57130842298416],[23.060350494858515,47.565531210895294],[23.059375852180455,47.56029378580454],[23.052688342414115,47.55400211853539],[23.052956468037387,47.54424448646824],[23.05700215820111,47.54191567036651],[23.070580707297374,47.541058508032705],[23.07609201461149,47.539540572737934],[23.08811732691042,47.532987878141704],[23.096546772680924,47.530832621071895],[23.103750015610597,47.52367621851023],[23.113856313944503,47.520909218929056],[23.120412466131853,47.51549690526974],[23.118140624079537,47.51115852374182],[23.126980194277817,47.506352696868305],[23.142865724798508,47.50427047619741],[23.1505091105694,47.50059433046509],[23.163834733915273,47.5020312694887],[23.159568270525426,47.50981633141545],[23.15611591153546,47.51072499721887],[23.161499267031417,47.51985494488241],[23.17866446590782,47.51722432830266],[23.186161565047044,47.5139364554598],[23.19474349001288,47.512991228243926],[23.20714189489578,47.513688377900735],[23.21502312618086,47.51193005698645],[23.227905627327484,47.5168642154281],[23.228547119239963,47.520382013744324]]]},"properties":{"id":2000,"natCode":107118,"name":"Băița de Sub Codru","natLevName":"Comuna","countyId":24,"countyCode":243,"county":"Maramureș","countyMn":"MM","regionId":6,"regionCode":868,"region":"Nord-Vest","version":"2025-03-26"}},{"type":"Feature","geometry":{"type":"Polygon","coordinates":[[[23.77634700696613,47.57659484492142],[23.761171070711637,47.58034277963038],[23.755694721994452,47.5853369704358],[23.752493260130297,47.58306030905732],[23.738075096597576,47.57854152187007],[23.714461171795172,47.58900881296964],[23.703555373073865,47.59162601027813],[23.697137466121116,47.590880868266716],[23.690652080802035,47.58415265653856],[23.689856331488034,47.579372480306674],[23.68224340220125,47.572189443182694],[23.682163861224538,47.56733291170758],[23.67020397835511,47.56143906689198],[23.65992391532485,47.55949950013289],[23.65772721860038,47.55632077614919],[23.646342291487745,47.554220553126626],[23.64155817878069,47.55582916119556],[23.631474645911673,47.55577989828077],[23.62574953951434,47.557901829228435],[23.621221317066972,47.55932610412147],[23.620092461968753,47.55240638680038],[23.608669690833263,47.54833890918531],[23.611483156965125,47.54660877849626],[23.61235730356635,47.53413142165119],[23.62164449510742,47.530293501924255],[23.625615069685974,47.523576963548656],[23.622655267236375,47.51703206345041],[23.61482380338435,47.51086448854575],[23.620644559937674,47.50638907985593],[23.618115856625174,47.50106172932108],[23.624134385402634,47.49492010161186],[23.62182992608378,47.49005178797946],[23.627894147492842,47.48191236965612],[23.634623511038438,47.47729873846907],[23.623861107065757,47.47058555188017],[23.622694992879275,47.461527945631275],[23.627095543508588,47.459038797700394],[23.630035908016314,47.45217321370302],[23.640172185214393,47.453677087652366],[23.648635496034807,47.45078583756225],[23.65313102979134,47.45385792314935],[23.660763347600895,47.45537757343785],[23.65995062848506,47.45964907934108],[23.670247309617697,47.461986231755546],[23.687248000219153,47.45814015061024],[23.690496417379702,47.44861557449918],[23.689442163567843,47.441182439725154],[23.70077438376254,47.440715880182346],[23.706968072291005,47.44621589989095],[23.717537098051636,47.44887333329477],[23.723690883333454,47.46210752702631],[23.73970395554055,47.46203412893643],[23.73655556364527,47.47670651767966],[23.727329463969134,47.473595269389286],[23.723580300989113,47.4782814183713],[23.713042736998247,47.48245216649746],[23.719610841217627,47.49064195781588],[23.723522294408586,47.5036704591066],[23.719385057805567,47.5085571019111],[23.7251083085883,47.51558797090123],[23.72611081873011,47.52090536744869],[23.738031967547766,47.52938189108632],[23.743006739638833,47.534527724082274],[23.74645905859472,47.544650391490165],[23.75831106875589,47.55143834949229],[23.75882461790404,47.55510775212505],[23.76932522660957,47.55886287939098],[23.774318913456938,47.56229447445052],[23.774737944043675,47.566560867098836],[23.779682225054692,47.57092515079572],[23.77634700696613,47.57659484492142]]]},"properties":{"id":2002,"natCode":107733,"name":"Copalnic-Mănăștur","natLevName":"Comuna","countyId":24,"countyCode":243,"county":"Maramureș","countyMn":"MM","regionId":6,"regionCode":868,"region":"Nord-Vest","version":"2025-03-26"}},{"type":"Feature","geometry":{"type":"Polygon","coordinates":[[[24.152586305706947,47.60186879993444],[24.13595184678054,47.60174125573745],[24.114790502077064,47.59457815865186],[24.112237331515686,47.58791838966769],[24.10087922710706,47.57859692862159],[24.101062040021976,47.56972996766532],[24.09343389816586,47.56358451760002],[24.08215024188463,47.558484047038704],[24.07418333432962,47.550622038734645],[24.069870557107848,47.55008003210608],[24.066544169191907,47.54067201810219],[24.067686287529323,47.528572129171906],[24.06090888326668,47.52201236078883],[24.05559329411649,47.51373522385108],[24.051148184574526,47.511051311085176],[24.049455483928163,47.506340188719506],[24.052383040658132,47.50408245531206],[24.045572968355682,47.494883622619064],[24.048347632374654,47.489724992253585],[24.04426768559335,47.488566995954514],[24.04426275591175,47.47997996685777],[24.04234336614419,47.47545076701809],[24.044146784299997,47.47013582475891],[24.05070787156396,47.46923168458183],[24.057789422824136,47.46574554603945],[24.058655410649983,47.46259740115217],[24.0763202600007,47.45971445622871],[24.07668388804106,47.46894399368129],[24.08430555753766,47.469258703247874],[24.08789589563729,47.4762105252819],[24.091499686482884,47.4775740886695],[24.10942460467751,47.479869892046665],[24.11845426475148,47.47967719348847],[24.121379982687998,47.48452575977994],[24.12357065211111,47.49314538268628],[24.128247764052993,47.49390310649718],[24.13427325456917,47.488892091379704],[24.14140196736326,47.48754978326667],[24.146574550279315,47.494211802500054],[24.153006602479014,47.494435329356165],[24.153612340470108,47.50286176390045],[24.1629152233276,47.50481628538604],[24.182021468539748,47.50719038513292],[24.188907915576934,47.50338266160035],[24.19754792196938,47.50632500486943],[24.201666452065616,47.50440599268338],[24.20452665995738,47.49809955714484],[24.2163084807978,47.503557467328385],[24.237164764012125,47.49894026642595],[24.24349709002147,47.50194087410538],[24.245838653580947,47.51193380280891],[24.25414642084972,47.51975091287907],[24.258542726335012,47.520408226334894],[24.25652480390957,47.526286802780646],[24.249830512760663,47.527801959020614],[24.24624831958813,47.534304132004664],[24.238035127248573,47.536411269770035],[24.22428886809764,47.54279692308912],[24.223084998556423,47.54650691137889],[24.21737807860931,47.54814071514602],[24.200445747789555,47.547251666139175],[24.19103881167581,47.554885898358016],[24.18688396824015,47.561166158792375],[24.190696527543604,47.56591789661161],[24.18787581045992,47.57238479492648],[24.174908388237554,47.57957829316159],[24.16960094397776,47.578733394318874],[24.16540881528261,47.58339384013025],[24.165866593244065,47.587902579534955],[24.154915892897638,47.59325971392094],[24.152586305706947,47.60186879993444]]]},"properties":{"id":2007,"natCode":179622,"name":"Groșii Țibleșului","natLevName":"Comuna","countyId":24,"countyCode":243,"county":"Maramureș","countyMn":"MM","regionId":6,"regionCode":868,"region":"Nord-Vest","version":"2025-03-26"}},{"type":"Feature","geometry":{"type":"Polygon","coordinates":[[[23.55987254311743,47.60359164206928],[23.55310570639043,47.59899915449268],[23.553148805806085,47.596513996342516],[23.54050986781679,47.59598374118947],[23.53909912538427,47.588051446721416],[23.530508357814607,47.58446773521659],[23.52546295326516,47.57616970619073],[23.524566486450084,47.570729062357316],[23.51713573041278,47.56188958037542],[23.525462478690855,47.54957563467779],[23.537475757354823,47.549246197025326],[23.543266356149495,47.5512351807485],[23.557060835449192,47.54695177990091],[23.563032186932645,47.551794808511104],[23.5800621265598,47.55538812502084],[23.58153442559559,47.55346840845252],[23.608669690833263,47.54833890918531],[23.620092461968753,47.55240638680038],[23.621221317066972,47.55932610412147],[23.62574953951434,47.557901829228435],[23.630069103073065,47.5635414005494],[23.626309836168865,47.567000072743284],[23.61958861858498,47.56918363591654],[23.61023577122322,47.56964025407774],[23.603515722611142,47.57356680396733],[23.589473955506566,47.5783150829512],[23.582892476709315,47.577832769732325],[23.580755666979957,47.58195251621625],[23.585365290925658,47.585455705884705],[23.578304733018797,47.58757974418586],[23.571009549439825,47.58408101140798],[23.568301222656395,47.59105079078662],[23.569969335215216,47.59648658209766],[23.56702598103916,47.6012350922386],[23.55987254311743,47.60359164206928]]]},"properties":{"id":2010,"natCode":108794,"name":"Săcălășeni","natLevName":"Comuna","countyId":24,"countyCode":243,"county":"Maramureș","countyMn":"MM","regionId":6,"regionCode":868,"region":"Nord-Vest","version":"2025-03-26"}},{"type":"Feature","geometry":{"type":"Polygon","coordinates":[[[23.968548829192667,47.57467886357622],[23.9532921275392,47.585139157385036],[23.95215946236306,47.59547433350035],[23.947774769564294,47.59869073305039],[23.940434585765626,47.59937700862314],[23.931059813324563,47.60669758468371],[23.922758341745947,47.607405737980784],[23.910950641408093,47.60555642090136],[23.90108112931677,47.613492032003904],[23.893469201081427,47.60709196052724],[23.8845317200499,47.60247550798663],[23.884685473348178,47.595513099384426],[23.874228091888142,47.59063239891832],[23.86541144565581,47.57892895180774],[23.85684244718911,47.57619395093456],[23.850369617437632,47.570702933171944],[23.852288296248595,47.56529195156549],[23.85043627623963,47.55927015546135],[23.875251877937718,47.543686515615455],[23.877499400064323,47.53348112834018],[23.88224443157511,47.52843925097695],[23.894498532543846,47.525318774082706],[23.896906035614844,47.52266121748242],[23.90906311459259,47.52255111888565],[23.914188513860495,47.5240680945605],[23.922651047069984,47.51954781272448],[23.92463192894753,47.51634100529687],[23.933047607010348,47.51059848546084],[23.93348330759484,47.50079684710773],[23.93817987792546,47.49384445563118],[23.93587561224362,47.48836085800067],[23.94722841374201,47.4771262656722],[23.957258476503256,47.482427481289186],[23.966933457620573,47.48534438832228],[23.964953056834137,47.48758916230773],[23.97474164477385,47.494418209115956],[23.98285983976796,47.49425206291201],[23.98254060720846,47.49952915501824],[23.992510121625216,47.50519929375486],[23.99384186046428,47.509520414259825],[24.00383804617534,47.50882922148828],[24.00259880846816,47.51680010742948],[23.993542236856204,47.5155299702394],[23.98906121118569,47.51119685069122],[23.983890920370456,47.51013913460977],[23.98032304763552,47.52056322794137],[23.98308882112559,47.526924565669],[23.97927035278789,47.53362497888831],[23.981006819523174,47.53671501606972],[23.96787829385789,47.54267642088492],[23.963698859222227,47.54903220631038],[23.96827351970474,47.55270754572479],[23.96425115897574,47.55542378216659],[23.960931053353686,47.562818827753496],[23.962818970245806,47.57113057291241],[23.968548829192667,47.57467886357622]]]},"properties":{"id":2013,"natCode":107920,"name":"Cupșeni","natLevName":"Comuna","countyId":24,"countyCode":243,"county":"Maramureș","countyMn":"MM","regionId":6,"regionCode":868,"region":"Nord-Vest","version":"2025-03-26"}},{"type":"Feature","geometry":{"type":"Polygon","coordinates":[[[24.114790502077064,47.59457815865186],[24.111562412747766,47.59581874147342],[24.109164388772086,47.60574989481946],[24.11230555346602,47.607929764974664],[24.11431041242188,47.615727060336056],[24.104341686043288,47.615468869912306],[24.09381888360108,47.61056473528624],[24.08908250853649,47.61252482400754],[24.076126279291294,47.61002177176494],[24.06193765138664,47.61151517908621],[24.057295759433455,47.607389011731485],[24.05634655607491,47.602360992224625],[24.051325882666372,47.59648832873804],[24.047187596601223,47.58546754319464],[24.04869206748887,47.578177223615505],[24.04396810327548,47.57782856947057],[24.03873054304563,47.56949060456784],[24.03317692751391,47.5678138780512],[24.026538352331954,47.56073746064109],[24.018768899895363,47.560982261636866],[24.008527395025407,47.56327908531047],[24.003110311929458,47.56263464987482],[23.995831842269503,47.568584339847625],[23.98313730810102,47.568145688269155],[23.974006030609527,47.57119666917017],[23.968548829192667,47.57467886357622],[23.962818970245806,47.57113057291241],[23.960931053353686,47.562818827753496],[23.96425115897574,47.55542378216659],[23.96827351970474,47.55270754572479],[23.963698859222227,47.54903220631038],[23.96787829385789,47.54267642088492],[23.981006819523174,47.53671501606972],[23.97927035278789,47.53362497888831],[23.98308882112559,47.526924565669],[23.98032304763552,47.52056322794137],[23.983890920370456,47.51013913460977],[23.98906121118569,47.51119685069122],[23.993542236856204,47.5155299702394],[24.00259880846816,47.51680010742948],[24.00383804617534,47.50882922148828],[23.99384186046428,47.509520414259825],[23.992510121625216,47.50519929375486],[23.98254060720846,47.49952915501824],[23.98285983976796,47.49425206291201],[23.97474164477385,47.494418209115956],[23.964953056834137,47.48758916230773],[23.966933457620573,47.48534438832228],[23.969011801462507,47.4779070870356],[23.976518700957072,47.462622186187055],[23.987767437609467,47.45515049162925],[24.00485927608696,47.462067880022786],[24.013602302588147,47.45998878155993],[24.014549205632523,47.46465299613518],[24.02304491190457,47.46388883275463],[24.033197619337137,47.46933000244163],[24.0332965450358,47.47457068358763],[24.04234336614419,47.47545076701809],[24.04426275591175,47.47997996685777],[24.04426768559335,47.488566995954514],[24.048347632374654,47.489724992253585],[24.045572968355682,47.494883622619064],[24.052383040658132,47.50408245531206],[24.049455483928163,47.506340188719506],[24.051148184574526,47.511051311085176],[24.05559329411649,47.51373522385108],[24.06090888326668,47.52201236078883],[24.067686287529323,47.528572129171906],[24.066544169191907,47.54067201810219],[24.069870557107848,47.55008003210608],[24.07418333432962,47.550622038734645],[24.08215024188463,47.558484047038704],[24.09343389816586,47.56358451760002],[24.101062040021976,47.56972996766532],[24.10087922710706,47.57859692862159],[24.112237331515686,47.58791838966769],[24.114790502077064,47.59457815865186]]]},"properties":{"id":2014,"natCode":108222,"name":"Lăpuș","natLevName":"Comuna","countyId":24,"countyCode":243,"county":"Maramureș","countyMn":"MM","regionId":6,"regionCode":868,"region":"Nord-Vest","version":"2025-03-26"}},{"type":"Feature","geometry":{"type":"Polygon","coordinates":[[[23.49875663526759,47.58541257496485],[23.483058155967942,47.59265105907415],[23.47405036677636,47.595116618267326],[23.466128829877942,47.59384333468462],[23.453534165065875,47.59952102979112],[23.44891703980233,47.60427896276108],[23.440190756437215,47.60453173048244],[23.42668472637016,47.609506173747455],[23.422635617707755,47.61555567840126],[23.42015073460208,47.609100235301],[23.415341288759105,47.609993363959354],[23.41321287662224,47.60406937169834],[23.401740213987612,47.596918519991995],[23.39804562280632,47.59657550647162],[23.392097866227157,47.59627061646532],[23.38480751981869,47.58832664479784],[23.390749299653258,47.586342447368146],[23.39160835497808,47.581655601713386],[23.373654180977187,47.57650578848151],[23.37061694634684,47.57292242549756],[23.361338338189903,47.574184194197024],[23.361084452789278,47.56980154631659],[23.365653675084474,47.56540730326373],[23.361576784369806,47.563187615166335],[23.355117971774998,47.564424068478985],[23.350521729296858,47.56904770011648],[23.357866147869384,47.5744277317069],[23.345062328482545,47.57479337109593],[23.349495785806347,47.567182001309824],[23.34535980859804,47.565467890942145],[23.345668130177994,47.55758395409379],[23.35341099449318,47.56020789006048],[23.360938808832337,47.54842061429316],[23.350683430520473,47.54341011069468],[23.348443316361216,47.5394772589097],[23.356299030056206,47.53791758927389],[23.359475879918023,47.53280387890708],[23.35856829803806,47.52796076985059],[23.365901910160574,47.52575026460077],[23.360931175603376,47.51980388399937],[23.367111439122443,47.515617951854786],[23.372409212628124,47.5185914311869],[23.384686063694055,47.51796998773723],[23.387390227829083,47.513525441462555],[23.39758001297167,47.51079171613664],[23.406706850959523,47.50672390173189],[23.41277058053136,47.50848468893152],[23.415757270115652,47.5178128642237],[23.42669041842845,47.52534775049772],[23.431588709339124,47.53582742747974],[23.428533347894625,47.539304700292924],[23.44041708878775,47.54266653616337],[23.43871471792105,47.548037344929035],[23.447855838404255,47.550741368131],[23.46281304378138,47.553045519980145],[23.465957829751186,47.55522014826962],[23.473414243262287,47.55360481159923],[23.47870371253624,47.56356362658653],[23.473808504149634,47.56655541229897],[23.48283677445471,47.57237383788079],[23.496769077419962,47.57323817783531],[23.50253506973941,47.57487570747315],[23.503738131926507,47.578518549845164],[23.497546429717723,47.58297575247165],[23.49875663526759,47.58541257496485]]]},"properties":{"id":2015,"natCode":108712,"name":"Satulung","natLevName":"Comuna","countyId":24,"countyCode":243,"county":"Maramureș","countyMn":"MM","regionId":6,"regionCode":868,"region":"Nord-Vest","version":"2025-03-26"}},{"type":"Feature","geometry":{"type":"Polygon","coordinates":[[[23.545292374649716,47.6088200687997],[23.54007411195697,47.612924409656024],[23.531324058751924,47.61442393804163],[23.52691676187375,47.611421521668966],[23.520930673346086,47.611277661252274],[23.520354233177727,47.61800705688],[23.50860309666917,47.61872802947389],[23.504329431349724,47.612093561493275],[23.507615330669672,47.606419986917885],[23.50596580186611,47.59911691027392],[23.500024264923955,47.592935721019415],[23.49875663526759,47.58541257496485],[23.497546429717723,47.58297575247165],[23.503738131926507,47.578518549845164],[23.50253506973941,47.57487570747315],[23.496769077419962,47.57323817783531],[23.50040749720093,47.56999604742274],[23.515648195735395,47.56747541930476],[23.524566486450084,47.570729062357316],[23.52546295326516,47.57616970619073],[23.530508357814607,47.58446773521659],[23.53909912538427,47.588051446721416],[23.54050986781679,47.59598374118947],[23.553148805806085,47.596513996342516],[23.55310570639043,47.59899915449268],[23.55987254311743,47.60359164206928],[23.552656271118583,47.60428764029137],[23.55173427004169,47.6093566578864],[23.545292374649716,47.6088200687997]]]},"properties":{"id":2016,"natCode":179846,"name":"Coltău","natLevName":"Comuna","countyId":24,"countyCode":243,"county":"Maramureș","countyMn":"MM","regionId":6,"regionCode":868,"region":"Nord-Vest","version":"2025-03-26"}},{"type":"Feature","geometry":{"type":"Polygon","coordinates":[[[23.14258623644335,47.62427351558527],[23.121971043494064,47.614489619434806],[23.11801936503445,47.607734903792874],[23.11176457163722,47.60110715060876],[23.106665325741645,47.5986560882346],[23.100626307983614,47.591819523350736],[23.08931837318348,47.5853288589227],[23.087687510666843,47.58180166373692],[23.079310949146027,47.57939061130238],[23.088804426992343,47.57435130455376],[23.092125734193583,47.56630881010633],[23.10354590186526,47.56148060309118],[23.118265734282538,47.560263280869364],[23.133506168263953,47.553177076950604],[23.142215156979017,47.56012398734024],[23.150240171194735,47.55827870281216],[23.15335565930907,47.555141613709964],[23.15399199894858,47.54920525253954],[23.164650313803822,47.54999638515225],[23.174521574013298,47.54226449547707],[23.182889480926,47.54328536574392],[23.187635649562704,47.53838789510912],[23.201391651283135,47.530376838849456],[23.210869667423292,47.5324106641484],[23.221010204974434,47.52350375366418],[23.228547119239963,47.520382013744324],[23.233847659627276,47.52465348991337],[23.240283362325798,47.525836985108384],[23.248720273489827,47.52340914188371],[23.256080555855174,47.527522554488854],[23.25429545590331,47.52903996150358],[23.254331585223042,47.54027827191368],[23.248438010360616,47.54978087019749],[23.238877051970043,47.552181348853644],[23.234031142630243,47.55037580053188],[23.229514169869503,47.55415727543626],[23.211226001358284,47.56549397065038],[23.21166058810149,47.57059148864673],[23.20259467637604,47.575350988810406],[23.18693523020709,47.58108432575405],[23.189766043436524,47.58669950268506],[23.177989729768456,47.59134113871606],[23.16695045440514,47.59358991700423],[23.16073315709806,47.599420696801516],[23.146042352950058,47.61824301001532],[23.14258623644335,47.62427351558527]]]},"properties":{"id":2021,"natCode":107083,"name":"Asuaju de Sus","natLevName":"Comuna","countyId":24,"countyCode":243,"county":"Maramureș","countyMn":"MM","regionId":6,"regionCode":868,"region":"Nord-Vest","version":"2025-03-26"}},{"type":"Feature","geometry":{"type":"Polygon","coordinates":[[[23.61712354987371,47.630641359361015],[23.59491408179484,47.62931622160136],[23.593006499413747,47.63484018929773],[23.58468478523981,47.63796246801151],[23.563397244791204,47.63061838572322],[23.561409807930374,47.62689334237188],[23.544189697249838,47.62274306483931],[23.542636228227202,47.613734878772036],[23.545292374649716,47.6088200687997],[23.55173427004169,47.6093566578864],[23.552656271118583,47.60428764029137],[23.55987254311743,47.60359164206928],[23.56702598103916,47.6012350922386],[23.569969335215216,47.59648658209766],[23.568301222656395,47.59105079078662],[23.571009549439825,47.58408101140798],[23.578304733018797,47.58757974418586],[23.57947128549095,47.590321486320605],[23.591642277537073,47.591898423674984],[23.59947088868021,47.596796519894035],[23.614029895516122,47.600360289365355],[23.620316765823524,47.60353633958916],[23.630050192750314,47.60541228103401],[23.627462572561743,47.60841992005288],[23.62848048383916,47.618511466649935],[23.63119038330165,47.62317617397181],[23.627549550101406,47.62759957893719],[23.61712354987371,47.630641359361015]]]},"properties":{"id":2023,"natCode":106363,"name":"Groși","natLevName":"Comuna","countyId":24,"countyCode":243,"county":"Maramureș","countyMn":"MM","regionId":6,"regionCode":868,"region":"Nord-Vest","version":"2025-03-26"}},{"type":"Feature","geometry":{"type":"Polygon","coordinates":[[[23.678516960409663,47.64661461355962],[23.667389870902817,47.64396882995686],[23.66518599721921,47.63984091965311],[23.659851472394458,47.63928536558789],[23.656582670949934,47.63312143782104],[23.651536315371636,47.62990013204358],[23.643072292749885,47.62865810271583],[23.63119038330165,47.62317617397181],[23.62848048383916,47.618511466649935],[23.627462572561743,47.60841992005288],[23.630050192750314,47.60541228103401],[23.620316765823524,47.60353633958916],[23.614029895516122,47.600360289365355],[23.59947088868021,47.596796519894035],[23.591642277537073,47.591898423674984],[23.57947128549095,47.590321486320605],[23.578304733018797,47.58757974418586],[23.585365290925658,47.585455705884705],[23.580755666979957,47.58195251621625],[23.582892476709315,47.577832769732325],[23.589473955506566,47.5783150829512],[23.603515722611142,47.57356680396733],[23.61023577122322,47.56964025407774],[23.61958861858498,47.56918363591654],[23.626309836168865,47.567000072743284],[23.630069103073065,47.5635414005494],[23.62574953951434,47.557901829228435],[23.631474645911673,47.55577989828077],[23.64155817878069,47.55582916119556],[23.646342291487745,47.554220553126626],[23.65772721860038,47.55632077614919],[23.65992391532485,47.55949950013289],[23.67020397835511,47.56143906689198],[23.682163861224538,47.56733291170758],[23.68224340220125,47.572189443182694],[23.689856331488034,47.579372480306674],[23.690652080802035,47.58415265653856],[23.697137466121116,47.590880868266716],[23.693230708533747,47.5972354397793],[23.713488607372454,47.59604741563511],[23.716475688524685,47.60051448035226],[23.70817366367939,47.608894116196765],[23.713378062630742,47.61551491865804],[23.71006754502349,47.620026127128746],[23.703117262014665,47.61511274013277],[23.696734677594414,47.61750677451957],[23.690222425927466,47.61536836557462],[23.688162426228338,47.61873374364712],[23.686006377109113,47.62985869844628],[23.686950131541916,47.63576141602585],[23.68398520358637,47.64090254931827],[23.678549399246023,47.64171228809604],[23.678516960409663,47.64661461355962]]]},"properties":{"id":2026,"natCode":108035,"name":"Dumbrăvița","natLevName":"Comuna","countyId":24,"countyCode":243,"county":"Maramureș","countyMn":"MM","regionId":6,"regionCode":868,"region":"Nord-Vest","version":"2025-03-26"}},{"type":"Feature","geometry":{"type":"Polygon","coordinates":[[[23.39804562280632,47.59657550647162],[23.393664779093257,47.59809611603091],[23.39329663562887,47.60232271917934],[23.381455863883428,47.60795482877064],[23.385912009188164,47.61362485865258],[23.384484147520954,47.616014910995624],[23.373251118971382,47.616041431525254],[23.36709421774908,47.618357640487254],[23.352071270250132,47.61578828739738],[23.346379066019416,47.617006045056954],[23.341863152571186,47.62342324678945],[23.346747700298074,47.63145315401563],[23.343000681296186,47.640974311330936],[23.33994862957676,47.64383368128955],[23.327796197201245,47.63955292968216],[23.31472454756368,47.638006562886915],[23.30805655445299,47.6344170790135],[23.303537700025117,47.62719326413011],[23.287497940956573,47.630103903912804],[23.284814202235847,47.62494813588667],[23.2845519008765,47.61414349845407],[23.27962715307165,47.61274873631441],[23.279530634877368,47.60967395489632],[23.287399274026647,47.60402619589354],[23.289105453505943,47.597238017999054],[23.288978623395625,47.5887180854385],[23.28642082380739,47.58095527223255],[23.281397774694994,47.576882782827354],[23.289922482974507,47.570954242616104],[23.30274841222337,47.568400870550015],[23.31898018527801,47.5684828415524],[23.325182501010556,47.56974355563514],[23.34610470077811,47.567154212686646],[23.34535980859804,47.565467890942145],[23.349495785806347,47.567182001309824],[23.345062328482545,47.57479337109593],[23.357866147869384,47.5744277317069],[23.350521729296858,47.56904770011648],[23.355117971774998,47.564424068478985],[23.361576784369806,47.563187615166335],[23.365653675084474,47.56540730326373],[23.361084452789278,47.56980154631659],[23.361338338189903,47.574184194197024],[23.37061694634684,47.57292242549756],[23.373654180977187,47.57650578848151],[23.39160835497808,47.581655601713386],[23.390749299653258,47.586342447368146],[23.38480751981869,47.58832664479784],[23.392097866227157,47.59627061646532],[23.39804562280632,47.59657550647162]]]},"properties":{"id":2027,"natCode":108106,"name":"Fărcașa","natLevName":"Comuna","countyId":24,"countyCode":243,"county":"Maramureș","countyMn":"MM","regionId":6,"regionCode":868,"region":"Nord-Vest","version":"2025-03-26"}},{"type":"Feature","geometry":{"type":"Polygon","coordinates":[[[23.90108112931677,47.613492032003904],[23.908559923715973,47.618441587564405],[23.910670349449457,47.624404519207864],[23.905580840737176,47.62808808661836],[23.904835554335484,47.64323729272104],[23.897197145817213,47.65315030888054],[23.89191954606584,47.64892159095196],[23.883339128430464,47.64817447076027],[23.87674221853679,47.6497037572398],[23.86096624045583,47.64842317471181],[23.86354057595176,47.64328333346371],[23.8588917792452,47.642087996383864],[23.86219817513258,47.63193036624256],[23.85745188578734,47.62351318668212],[23.850682558643243,47.61936768299077],[23.846388722117393,47.61080084649422],[23.835350035118473,47.60818680241375],[23.84029610113749,47.6027374857536],[23.83183103747017,47.60067820221514],[23.825193877927106,47.59692144286542],[23.805729552508684,47.589587438375204],[23.795031046358613,47.589390480765026],[23.79714914669063,47.5831502011996],[23.795602431082827,47.580051657348776],[23.783554722639824,47.5798032762476],[23.77634700696613,47.57659484492142],[23.779682225054692,47.57092515079572],[23.774737944043675,47.566560867098836],[23.774318913456938,47.56229447445052],[23.76932522660957,47.55886287939098],[23.75882461790404,47.55510775212505],[23.75831106875589,47.55143834949229],[23.74645905859472,47.544650391490165],[23.743006739638833,47.534527724082274],[23.738031967547766,47.52938189108632],[23.72611081873011,47.52090536744869],[23.7251083085883,47.51558797090123],[23.719385057805567,47.5085571019111],[23.723522294408586,47.5036704591066],[23.719610841217627,47.49064195781588],[23.713042736998247,47.48245216649746],[23.723580300989113,47.4782814183713],[23.727329463969134,47.473595269389286],[23.73655556364527,47.47670651767966],[23.73970395554055,47.46203412893643],[23.746173593248564,47.46157676892259],[23.74565763885051,47.47032702492173],[23.759275361786106,47.47202057269339],[23.769440836219665,47.469570491694284],[23.77095814277374,47.478551419369445],[23.777788976742816,47.487506072501034],[23.78338514720786,47.492436771039486],[23.80256319430229,47.49914731444141],[23.807447597470475,47.50251169914023],[23.803218202930317,47.508907298294915],[23.799257739826235,47.52018668219206],[23.795947695804028,47.52193397606992],[23.794780310621846,47.52939898495267],[23.80548261412485,47.54020007700242],[23.82429312707466,47.548043116916745],[23.836434091657804,47.54943504232734],[23.84659094043896,47.55468266067595],[23.85043627623963,47.55927015546135],[23.852288296248595,47.56529195156549],[23.850369617437632,47.570702933171944],[23.85684244718911,47.57619395093456],[23.86541144565581,47.57892895180774],[23.874228091888142,47.59063239891832],[23.884685473348178,47.595513099384426],[23.8845317200499,47.60247550798663],[23.893469201081427,47.60709196052724],[23.90108112931677,47.613492032003904]]]},"properties":{"id":2028,"natCode":107582,"name":"Cernești","natLevName":"Comuna","countyId":24,"countyCode":243,"county":"Maramureș","countyMn":"MM","regionId":6,"regionCode":868,"region":"Nord-Vest","version":"2025-03-26"}},{"type":"Feature","geometry":{"type":"Polygon","coordinates":[[[24.11431041242188,47.615727060336056],[24.10443691434956,47.62162889152393],[24.10245140877366,47.62755436132683],[24.087714539028234,47.62809530095944],[24.08250478640664,47.63240634532192],[24.071832206171067,47.63588492030135],[24.0595974597849,47.64728782116656],[24.056461075789034,47.65373672342226],[24.0503109508302,47.65999099839148],[24.03905370337448,47.660905661516125],[24.034452690986914,47.6594151093601],[24.02675982677398,47.66890063759097],[24.027865578411014,47.674950384040685],[24.017907786212202,47.67316790799345],[24.01399489193565,47.670869006526615],[23.985752933486282,47.66552803470907],[23.982635055377333,47.65883971641736],[23.9739555288971,47.6584026092733],[23.958544841888276,47.66458456377697],[23.94374544623503,47.66579286951812],[23.93078892968959,47.66475268317585],[23.91476125510086,47.66005115521931],[23.908257519915765,47.660208563045806],[23.897197145817213,47.65315030888054],[23.904835554335484,47.64323729272104],[23.905580840737176,47.62808808661836],[23.910670349449457,47.624404519207864],[23.908559923715973,47.618441587564405],[23.90108112931677,47.613492032003904],[23.910950641408093,47.60555642090136],[23.922758341745947,47.607405737980784],[23.931059813324563,47.60669758468371],[23.940434585765626,47.59937700862314],[23.947774769564294,47.59869073305039],[23.95215946236306,47.59547433350035],[23.9532921275392,47.585139157385036],[23.968548829192667,47.57467886357622],[23.974006030609527,47.57119666917017],[23.98313730810102,47.568145688269155],[23.995831842269503,47.568584339847625],[24.003110311929458,47.56263464987482],[24.008527395025407,47.56327908531047],[24.018768899895363,47.560982261636866],[24.026538352331954,47.56073746064109],[24.03317692751391,47.5678138780512],[24.03873054304563,47.56949060456784],[24.04396810327548,47.57782856947057],[24.04869206748887,47.578177223615505],[24.047187596601223,47.58546754319464],[24.051325882666372,47.59648832873804],[24.05634655607491,47.602360992224625],[24.057295759433455,47.607389011731485],[24.06193765138664,47.61151517908621],[24.076126279291294,47.61002177176494],[24.08908250853649,47.61252482400754],[24.09381888360108,47.61056473528624],[24.104341686043288,47.615468869912306],[24.11431041242188,47.615727060336056]]]},"properties":{"id":2036,"natCode":107154,"name":"Băiuț","natLevName":"Comuna","countyId":24,"countyCode":243,"county":"Maramureș","countyMn":"MM","regionId":6,"regionCode":868,"region":"Nord-Vest","version":"2025-03-26"}},{"type":"Feature","geometry":{"type":"Polygon","coordinates":[[[24.468885666836716,47.664437067179996],[24.45558728570174,47.65925037466798],[24.449051144074847,47.663621046778324],[24.448439314830086,47.66701200562104],[24.4349245797509,47.663305147014114],[24.42540939114004,47.6679088529733],[24.424398652438615,47.67729441332432],[24.413286348143735,47.67745693402917],[24.41238504356825,47.67124301225023],[24.418913713834595,47.667700004959705],[24.408845962159184,47.66109049563278],[24.407063937309683,47.653723404245184],[24.402773765943998,47.64766677350493],[24.397461665663137,47.64473190955009],[24.398643592367026,47.63352184541198],[24.39044194134367,47.62810036686635],[24.389787389495076,47.61945150771142],[24.37915929668294,47.61623997462746],[24.386531040847593,47.60836861811495],[24.39138043584617,47.60446418668035],[24.40729416022734,47.60158833102562],[24.41463706297634,47.59652538771311],[24.422890950375646,47.59708468232839],[24.438217015928114,47.59064552312771],[24.44855582514639,47.591626710669125],[24.45641578626542,47.59535255209817],[24.460491224084926,47.59214803947013],[24.47474185749879,47.58740478743938],[24.491542399153868,47.58632238586736],[24.504647637083846,47.581304467596844],[24.511180510455713,47.58301832769792],[24.519496802585884,47.58040457947681],[24.52072316925765,47.57795467209899],[24.539491839898208,47.57609095412988],[24.55277254993975,47.573532090670454],[24.55813051104542,47.56790865896156],[24.563099786012074,47.57508518328157],[24.56189415034822,47.57909019374971],[24.56479873539967,47.586688079449104],[24.569467913881077,47.59008768541361],[24.583550123368198,47.595895900091556],[24.585033433620612,47.59980731629496],[24.566563345564752,47.603153053702506],[24.548629796922867,47.60391954799267],[24.54231424501487,47.6094264403537],[24.54205931053695,47.613651405365204],[24.535163253660773,47.619723062573],[24.53254065767557,47.62436293445858],[24.52750285281083,47.62553745038367],[24.52346761070884,47.63523694391098],[24.50392255048708,47.64020228065188],[24.482027530491546,47.63969394455376],[24.477726813497537,47.643128216749595],[24.474292903100963,47.64957496229669],[24.4674106054263,47.657363068217435],[24.468885666836716,47.664437067179996]]]},"properties":{"id":2037,"natCode":108874,"name":"Săcel","natLevName":"Comuna","countyId":24,"countyCode":243,"county":"Maramureș","countyMn":"MM","regionId":6,"regionCode":868,"region":"Nord-Vest","version":"2025-03-26"}},{"type":"Feature","geometry":{"type":"Polygon","coordinates":[[[24.325569058903532,47.677906598005784],[24.313908418161663,47.679892633120154],[24.307140443512832,47.68591277716186],[24.29573309061368,47.68822925245076],[24.285192050388225,47.68656066561464],[24.276916406507684,47.67892966903449],[24.274033220489258,47.67208588829889],[24.27015326456916,47.6681959890692],[24.260755214867935,47.66768195203921],[24.26160041414174,47.65158295458932],[24.259105419215366,47.647265105767985],[24.248245100421208,47.63905456818355],[24.247283481270202,47.62493510147727],[24.2450004785814,47.620055021238116],[24.237676923312492,47.61935909341321],[24.23534303743026,47.61378157795097],[24.23826012277,47.606577838504435],[24.22519921301003,47.59651424262696],[24.22378982565214,47.59400281481134],[24.213292662572123,47.59164072790759],[24.208534154721022,47.58342404447784],[24.20055701995735,47.580214436789944],[24.18787581045992,47.57238479492648],[24.190696527543604,47.56591789661161],[24.18688396824015,47.561166158792375],[24.19103881167581,47.554885898358016],[24.200445747789555,47.547251666139175],[24.21737807860931,47.54814071514602],[24.223084998556423,47.54650691137889],[24.22428886809764,47.54279692308912],[24.238035127248573,47.536411269770035],[24.24624831958813,47.534304132004664],[24.249830512760663,47.527801959020614],[24.25652480390957,47.526286802780646],[24.258542726335012,47.520408226334894],[24.266350387634077,47.5170812973519],[24.26978236916205,47.523669276104236],[24.2760668640556,47.52689573264454],[24.278521210107552,47.53191746595948],[24.277825811237033,47.54098215626614],[24.28100597638178,47.54539179264965],[24.2876259445285,47.54629234038366],[24.293429813002362,47.555685602796224],[24.301951092591267,47.5582262681709],[24.30416747535481,47.56695695619252],[24.30078290652844,47.573047576649024],[24.30321081854425,47.579115549624014],[24.307354968724255,47.578409051448325],[24.313830179185764,47.58754114348049],[24.325377892329982,47.589712584967394],[24.314652788348766,47.59580765772331],[24.31146661938481,47.599182639615044],[24.318169202178467,47.60502397297234],[24.32287725603648,47.61289863977536],[24.31655345489079,47.62437826691887],[24.322275477889725,47.63073588809265],[24.318752551439136,47.63962811192046],[24.314807765111404,47.64106268111412],[24.31312568919265,47.647267299871466],[24.31719811090725,47.651511677320514],[24.32061967082854,47.6614758191231],[24.32840356617568,47.66593082795301],[24.328232341379135,47.674431592958385],[24.325569058903532,47.677906598005784]]]},"properties":{"id":2040,"natCode":108017,"name":"Dragomirești","natLevName":"Oras","countyId":24,"countyCode":243,"county":"Maramureș","countyMn":"MM","regionId":6,"regionCode":868,"region":"Nord-Vest","version":"2025-03-26"}},{"type":"Feature","geometry":{"type":"Polygon","coordinates":[[[24.611518935694185,47.68029646242721],[24.598913689792642,47.68231552789571],[24.58612343751479,47.680284610883106],[24.576107834145912,47.68263425396275],[24.567344332541865,47.688705549834125],[24.556355732924533,47.68690815468078],[24.543832094585024,47.68315394811611],[24.536054217246864,47.68565751486188],[24.531095334402355,47.69079509497624],[24.51694736057818,47.692362889443984],[24.506335479314657,47.68989710868388],[24.49303954492024,47.68877802065451],[24.47536521108286,47.67542140274481],[24.468885666836716,47.664437067179996],[24.4674106054263,47.657363068217435],[24.474292903100963,47.64957496229669],[24.477726813497537,47.643128216749595],[24.482027530491546,47.63969394455376],[24.50392255048708,47.64020228065188],[24.52346761070884,47.63523694391098],[24.52750285281083,47.62553745038367],[24.53254065767557,47.62436293445858],[24.535163253660773,47.619723062573],[24.54205931053695,47.613651405365204],[24.54231424501487,47.6094264403537],[24.548629796922867,47.60391954799267],[24.566563345564752,47.603153053702506],[24.585033433620612,47.59980731629496],[24.583550123368198,47.595895900091556],[24.569467913881077,47.59008768541361],[24.56479873539967,47.586688079449104],[24.56189415034822,47.57909019374971],[24.563099786012074,47.57508518328157],[24.55813051104542,47.56790865896156],[24.56105118825394,47.563504492732136],[24.57169304665618,47.56229960265615],[24.575776737689054,47.56727644320473],[24.581506438221865,47.57045611906833],[24.58952446988854,47.570914154921866],[24.59550771985332,47.56930373771824],[24.60748037381156,47.569266571748095],[24.623355017119398,47.57464642711585],[24.63189463063505,47.575819938751586],[24.637508635854573,47.57215159138424],[24.643867697273233,47.57118929810287],[24.652145250777217,47.567521903846384],[24.653970578376768,47.56225023192785],[24.652058571435287,47.55820094300638],[24.659594130399064,47.553989277737564],[24.664342004278836,47.55746326834969],[24.668886031231892,47.55709138387897],[24.6912397025416,47.55854881355406],[24.713950672392276,47.571513031276616],[24.705735128336098,47.57472712065569],[24.697283514246653,47.59443407273766],[24.69071970182432,47.59808775941686],[24.694456324231922,47.60740916108038],[24.688574806121384,47.606622662249436],[24.67704328294087,47.60252604967135],[24.66948321593688,47.60242399158321],[24.65144966242652,47.597631363873425],[24.647173396050057,47.59427728753364],[24.641222639223404,47.59394539613763],[24.63246464330079,47.60022245841983],[24.62523563263255,47.60098383595921],[24.61856366704021,47.605108714546404],[24.613950604135216,47.62047589255898],[24.613232663582725,47.62977070128532],[24.61417895631846,47.63953622806001],[24.61171307105268,47.642679544384215],[24.61346400461182,47.66685092463896],[24.61006827381089,47.675863530249146],[24.611518935694185,47.68029646242721]]]},"properties":{"id":2042,"natCode":108348,"name":"Moisei","natLevName":"Comuna","countyId":24,"countyCode":243,"county":"Maramureș","countyMn":"MM","regionId":6,"regionCode":868,"region":"Nord-Vest","version":"2025-03-26"}},{"type":"Feature","geometry":{"type":"Polygon","coordinates":[[[24.04258027718932,47.6935354201669],[24.038051981451435,47.69312664832372],[24.033885793227896,47.69199583931927],[24.029206611539834,47.682211583566826],[24.027865578411014,47.674950384040685],[24.02675982677398,47.66890063759097],[24.034452690986914,47.6594151093601],[24.03905370337448,47.660905661516125],[24.0503109508302,47.65999099839148],[24.056461075789034,47.65373672342226],[24.0595974597849,47.64728782116656],[24.071832206171067,47.63588492030135],[24.08250478640664,47.63240634532192],[24.087714539028234,47.62809530095944],[24.10245140877366,47.62755436132683],[24.10443691434956,47.62162889152393],[24.11431041242188,47.615727060336056],[24.11230555346602,47.607929764974664],[24.109164388772086,47.60574989481946],[24.111562412747766,47.59581874147342],[24.114790502077064,47.59457815865186],[24.13595184678054,47.60174125573745],[24.152586305706947,47.60186879993444],[24.149964072165655,47.60743066434786],[24.144264484131305,47.61356508555799],[24.145734622345636,47.62012363339194],[24.15828845549829,47.6258744990414],[24.156514641473724,47.630236214049],[24.160163340057206,47.636795317391545],[24.16434736980283,47.63908214742322],[24.16764603920026,47.64718984093297],[24.178093819784575,47.65283050535597],[24.18183821681008,47.6567307806542],[24.1806119870492,47.66766426382608],[24.17889431862654,47.67046263596911],[24.18285850455932,47.68015601917314],[24.178432408963403,47.68472289494494],[24.17492617768758,47.68652112523471],[24.17499568478005,47.69165793527638],[24.17148520197235,47.694160188180355],[24.15541159502011,47.69194810008182],[24.151978412155866,47.69254641843028],[24.14089130752729,47.68601531760999],[24.135713753749798,47.686308548918454],[24.127408282481404,47.691466085413154],[24.118744486885255,47.69182657512146],[24.100865537949094,47.69036934475884],[24.09227567247511,47.686724856058404],[24.087555753010353,47.68300445701823],[24.078688375012426,47.68288666578716],[24.069204569009635,47.68582563340227],[24.055996971838784,47.69245406474166],[24.04932729348048,47.69187325978124],[24.04258027718932,47.6935354201669]]]},"properties":{"id":2045,"natCode":107485,"name":"Botiza","natLevName":"Comuna","countyId":24,"countyCode":243,"county":"Maramureș","countyMn":"MM","regionId":6,"regionCode":868,"region":"Nord-Vest","version":"2025-03-26"}},{"type":"Feature","geometry":{"type":"Polygon","coordinates":[[[24.389667090356678,47.69316232301347],[24.37665906043182,47.695825226359034],[24.356731565676135,47.6892484489288],[24.354046291968558,47.68560359458754],[24.345462944900163,47.67943445851094],[24.33905367024605,47.68147457397275],[24.325569058903532,47.677906598005784],[24.328232341379135,47.674431592958385],[24.32840356617568,47.66593082795301],[24.32061967082854,47.6614758191231],[24.31719811090725,47.651511677320514],[24.31312568919265,47.647267299871466],[24.314807765111404,47.64106268111412],[24.318752551439136,47.63962811192046],[24.322275477889725,47.63073588809265],[24.31655345489079,47.62437826691887],[24.32287725603648,47.61289863977536],[24.318169202178467,47.60502397297234],[24.31146661938481,47.599182639615044],[24.314652788348766,47.59580765772331],[24.325377892329982,47.589712584967394],[24.313830179185764,47.58754114348049],[24.307354968724255,47.578409051448325],[24.31518166642839,47.57363246104239],[24.322459975220365,47.572253861702066],[24.326009007731415,47.566847699865896],[24.337129579885676,47.56747837324925],[24.342709477475676,47.56537495317178],[24.349229850577156,47.57113193153967],[24.3562655492279,47.572486630831385],[24.36322637103815,47.577479091895526],[24.363230556194168,47.58131936660634],[24.369137024950142,47.58962080311638],[24.374476607662814,47.592153516264034],[24.37613303638684,47.595889357525834],[24.383400763517262,47.602780007075154],[24.386531040847593,47.60836861811495],[24.37915929668294,47.61623997462746],[24.389787389495076,47.61945150771142],[24.39044194134367,47.62810036686635],[24.398643592367026,47.63352184541198],[24.397461665663137,47.64473190955009],[24.402773765943998,47.64766677350493],[24.407063937309683,47.653723404245184],[24.408845962159184,47.66109049563278],[24.418913713834595,47.667700004959705],[24.41238504356825,47.67124301225023],[24.413286348143735,47.67745693402917],[24.40553849474682,47.67336621516486],[24.391699498981765,47.674734961420626],[24.389272386174397,47.67919751959391],[24.389667090356678,47.69316232301347]]]},"properties":{"id":2046,"natCode":108892,"name":"Săliștea de Sus","natLevName":"Oras","countyId":24,"countyCode":243,"county":"Maramureș","countyMn":"MM","regionId":6,"regionCode":868,"region":"Nord-Vest","version":"2025-03-26"}},{"type":"Feature","geometry":{"type":"Polygon","coordinates":[[[23.908257519915765,47.660208563045806],[23.90547214421641,47.66612678473241],[23.90052681315692,47.66862237005708],[23.89932730421042,47.67527329914491],[23.887478834444792,47.68112951446775],[23.880807527797675,47.68112210525969],[23.872286684444454,47.68348963794177],[23.86324432569704,47.689177488383955],[23.863406917521257,47.693292508503504],[23.860272366668532,47.69193207471287],[23.854143960553905,47.68439154912693],[23.84725261037806,47.682484645631234],[23.846337377841497,47.67789759547615],[23.842136968504697,47.67433091507177],[23.844445346863854,47.668160613997124],[23.840600390749206,47.663715746767956],[23.829299591625876,47.65849007692441],[23.825778152885,47.65863523793124],[23.82212027319391,47.65322585667724],[23.81309362213534,47.6519936297566],[23.811639233905368,47.638859904703374],[23.816542326689458,47.635391002097634],[23.830034380579473,47.63753876914738],[23.840003130372487,47.637555477025735],[23.847809718769295,47.63601501565186],[23.856383232393558,47.6300030964038],[23.86219817513258,47.63193036624256],[23.8588917792452,47.642087996383864],[23.86354057595176,47.64328333346371],[23.86096624045583,47.64842317471181],[23.87674221853679,47.6497037572398],[23.883339128430464,47.64817447076027],[23.89191954606584,47.64892159095196],[23.897197145817213,47.65315030888054],[23.908257519915765,47.660208563045806]]]},"properties":{"id":2048,"natCode":106782,"name":"Cavnic","natLevName":"Oras","countyId":24,"countyCode":243,"county":"Maramureș","countyMn":"MM","regionId":6,"regionCode":868,"region":"Nord-Vest","version":"2025-03-26"}},{"type":"Feature","geometry":{"type":"Polygon","coordinates":[[[23.84949519434994,47.69609236012621],[23.845103251752146,47.697860692333734],[23.835127861201485,47.69458354492857],[23.829983800247685,47.691125367281835],[23.81846532105246,47.69197228773578],[23.80419473865554,47.67020211143774],[23.794190926810632,47.66701615406052],[23.787400410791548,47.66194682332889],[23.766171458366987,47.65754302994416],[23.753595787483547,47.65165455605845],[23.740897593438383,47.64116163102402],[23.734621647602133,47.638168783415765],[23.725564710567077,47.63648477683628],[23.719388680755458,47.64585192231683],[23.699512515656593,47.6488970507199],[23.68544290935826,47.64855434452501],[23.678516960409663,47.64661461355962],[23.678549399246023,47.64171228809604],[23.68398520358637,47.64090254931827],[23.686950131541916,47.63576141602585],[23.686006377109113,47.62985869844628],[23.688162426228338,47.61873374364712],[23.690222425927466,47.61536836557462],[23.696734677594414,47.61750677451957],[23.703117262014665,47.61511274013277],[23.71006754502349,47.620026127128746],[23.713378062630742,47.61551491865804],[23.70817366367939,47.608894116196765],[23.716475688524685,47.60051448035226],[23.713488607372454,47.59604741563511],[23.693230708533747,47.5972354397793],[23.697137466121116,47.590880868266716],[23.703555373073865,47.59162601027813],[23.714461171795172,47.58900881296964],[23.738075096597576,47.57854152187007],[23.752493260130297,47.58306030905732],[23.755694721994452,47.5853369704358],[23.761171070711637,47.58034277963038],[23.77634700696613,47.57659484492142],[23.783554722639824,47.5798032762476],[23.795602431082827,47.580051657348776],[23.79714914669063,47.5831502011996],[23.795031046358613,47.589390480765026],[23.805729552508684,47.589587438375204],[23.825193877927106,47.59692144286542],[23.83183103747017,47.60067820221514],[23.84029610113749,47.6027374857536],[23.835350035118473,47.60818680241375],[23.846388722117393,47.61080084649422],[23.850682558643243,47.61936768299077],[23.85745188578734,47.62351318668212],[23.86219817513258,47.63193036624256],[23.856383232393558,47.6300030964038],[23.847809718769295,47.63601501565186],[23.840003130372487,47.637555477025735],[23.830034380579473,47.63753876914738],[23.816542326689458,47.635391002097634],[23.811639233905368,47.638859904703374],[23.81309362213534,47.6519936297566],[23.82212027319391,47.65322585667724],[23.825778152885,47.65863523793124],[23.829299591625876,47.65849007692441],[23.840600390749206,47.663715746767956],[23.844445346863854,47.668160613997124],[23.842136968504697,47.67433091507177],[23.846337377841497,47.67789759547615],[23.84725261037806,47.682484645631234],[23.854143960553905,47.68439154912693],[23.860272366668532,47.69193207471287],[23.863406917521257,47.693292508503504],[23.861537304295652,47.69581970490026],[23.851315108946824,47.694151411645336],[23.84949519434994,47.69609236012621]]]},"properties":{"id":2049,"natCode":109096,"name":"Șișești","natLevName":"Comuna","countyId":24,"countyCode":243,"county":"Maramureș","countyMn":"MM","regionId":6,"regionCode":868,"region":"Nord-Vest","version":"2025-03-26"}},{"type":"Feature","geometry":{"type":"Polygon","coordinates":[[[24.260755214867935,47.66768195203921],[24.26202050104441,47.67337223038912],[24.254259609734927,47.67578518376044],[24.254996276110955,47.68143865190511],[24.250227803704348,47.68538122315818],[24.245201812071738,47.69701904973349],[24.23226808769419,47.70349164718956],[24.22314020793474,47.70283306143056],[24.213873579325732,47.70049463600815],[24.210543393364233,47.6900201870441],[24.20166103098144,47.69035522459729],[24.18920110400324,47.68753673470731],[24.18787146519179,47.68505483504563],[24.178432408963403,47.68472289494494],[24.18285850455932,47.68015601917314],[24.17889431862654,47.67046263596911],[24.1806119870492,47.66766426382608],[24.18183821681008,47.6567307806542],[24.178093819784575,47.65283050535597],[24.16764603920026,47.64718984093297],[24.16434736980283,47.63908214742322],[24.160163340057206,47.636795317391545],[24.156514641473724,47.630236214049],[24.15828845549829,47.6258744990414],[24.145734622345636,47.62012363339194],[24.144264484131305,47.61356508555799],[24.149964072165655,47.60743066434786],[24.152586305706947,47.60186879993444],[24.154915892897638,47.59325971392094],[24.165866593244065,47.587902579534955],[24.16540881528261,47.58339384013025],[24.16960094397776,47.578733394318874],[24.174908388237554,47.57957829316159],[24.18787581045992,47.57238479492648],[24.20055701995735,47.580214436789944],[24.208534154721022,47.58342404447784],[24.213292662572123,47.59164072790759],[24.22378982565214,47.59400281481134],[24.22519921301003,47.59651424262696],[24.23826012277,47.606577838504435],[24.23534303743026,47.61378157795097],[24.237676923312492,47.61935909341321],[24.2450004785814,47.620055021238116],[24.247283481270202,47.62493510147727],[24.248245100421208,47.63905456818355],[24.259105419215366,47.647265105767985],[24.26160041414174,47.65158295458932],[24.260755214867935,47.66768195203921]]]},"properties":{"id":2050,"natCode":108204,"name":"Ieud","natLevName":"Comuna","countyId":24,"countyCode":243,"county":"Maramureș","countyMn":"MM","regionId":6,"regionCode":868,"region":"Nord-Vest","version":"2025-03-26"}},{"type":"Feature","geometry":{"type":"Polygon","coordinates":[[[24.11879000128218,47.71711242352007],[24.114383009794714,47.71734091888],[24.10297109300768,47.710755444420926],[24.097253086932728,47.712798116754556],[24.089442670250346,47.70676225520442],[24.079968674936477,47.707631218253816],[24.07211751226409,47.70254586193598],[24.057882492202584,47.69551964001329],[24.04258027718932,47.6935354201669],[24.04932729348048,47.69187325978124],[24.055996971838784,47.69245406474166],[24.069204569009635,47.68582563340227],[24.078688375012426,47.68288666578716],[24.087555753010353,47.68300445701823],[24.09227567247511,47.686724856058404],[24.100865537949094,47.69036934475884],[24.118744486885255,47.69182657512146],[24.127408282481404,47.691466085413154],[24.135713753749798,47.686308548918454],[24.14089130752729,47.68601531760999],[24.151978412155866,47.69254641843028],[24.150744823765702,47.69896843395954],[24.152410705952313,47.702619738801374],[24.143155667924937,47.7074193246945],[24.14047510026246,47.710014666163296],[24.131672043620334,47.70712062168389],[24.124456107360558,47.71435087190703],[24.11879000128218,47.71711242352007]]]},"properties":{"id":2054,"natCode":179604,"name":"Poienile Izei","natLevName":"Comuna","countyId":24,"countyCode":243,"county":"Maramureș","countyMn":"MM","regionId":6,"regionCode":868,"region":"Nord-Vest","version":"2025-03-26"}},{"type":"Feature","geometry":{"type":"Polygon","coordinates":[[[24.88315048789658,47.72437107522827],[24.887538384030613,47.71833924982621],[24.881056530276584,47.712508550867994],[24.870773846651634,47.70748537158868],[24.861468142345004,47.70981577172006],[24.85561819025952,47.71431975917076],[24.83646461406389,47.7162389741881],[24.830043892930917,47.71939437408049],[24.822054178617396,47.7162229550916],[24.81665163594946,47.711278698801394],[24.808997447226815,47.710730368902944],[24.79488966210757,47.71266140103385],[24.786566295340013,47.71078390561892],[24.772181539980306,47.71718865032911],[24.75737634397337,47.71918790266909],[24.75034600603756,47.727033986244344],[24.7401165325906,47.72969290721921],[24.727450042851917,47.72912272114134],[24.720822079766403,47.730752462212784],[24.71303793726672,47.72220366304388],[24.699179545734644,47.72444090370541],[24.69457572344706,47.72406346735226],[24.671479366476063,47.72724123240002],[24.653822557112385,47.72404485548879],[24.642626795357035,47.72319851287801],[24.6359734494832,47.72071505974186],[24.629455894835086,47.72105011308858],[24.616773820519846,47.717445199475655],[24.61131281810167,47.71335348871907],[24.604801072986255,47.71184842948687],[24.606506231785012,47.70428471501183],[24.6205534984731,47.68702228752875],[24.611518935694185,47.68029646242721],[24.61006827381089,47.675863530249146],[24.61346400461182,47.66685092463896],[24.61171307105268,47.642679544384215],[24.61417895631846,47.63953622806001],[24.613232663582725,47.62977070128532],[24.613950604135216,47.62047589255898],[24.61856366704021,47.605108714546404],[24.62523563263255,47.60098383595921],[24.63246464330079,47.60022245841983],[24.641222639223404,47.59394539613763],[24.647173396050057,47.59427728753364],[24.65144966242652,47.597631363873425],[24.66948321593688,47.60242399158321],[24.67704328294087,47.60252604967135],[24.688574806121384,47.606622662249436],[24.694456324231922,47.60740916108038],[24.69071970182432,47.59808775941686],[24.697283514246653,47.59443407273766],[24.705735128336098,47.57472712065569],[24.713950672392276,47.571513031276616],[24.726149048684007,47.575935455762405],[24.732788494142696,47.571817929483174],[24.739312949434648,47.57296992849619],[24.750458947291254,47.571298657941995],[24.76642464290587,47.573470254680515],[24.77115373652005,47.5720484091882],[24.78787261162706,47.57637754165041],[24.794168699919556,47.57466157245434],[24.79761707248,47.569821651157305],[24.807252620107192,47.56666979283571],[24.815282862616822,47.5744661519612],[24.819938994845025,47.58962206584754],[24.822748297007273,47.59450873266673],[24.829426086109265,47.59684555982168],[24.847216878298415,47.596401707726095],[24.855873370505805,47.592444135874004],[24.864451469122276,47.59448178422425],[24.872004004110426,47.59396346004212],[24.881284311210447,47.59817496448415],[24.897097498008616,47.60286934074301],[24.90354301225303,47.60273849274506],[24.914208286198132,47.59921054120013],[24.9240752898954,47.59774924954252],[24.944011374420626,47.597287912811844],[24.95435134630785,47.595612261870976],[24.96084864639217,47.596867847032655],[24.958848516647784,47.60339183274313],[24.958569709773005,47.61519311541906],[24.964210015982225,47.61621454078682],[24.97423941303111,47.613678732323066],[24.984295433317204,47.620375887066686],[24.99053567271484,47.620208371448214],[24.993203727615427,47.62516748037649],[24.998403363747517,47.626113100027375],[25.009752504513198,47.63294672276072],[25.024232447895695,47.63387888963914],[25.0326690208384,47.63787879307465],[25.053074152624585,47.64141398174683],[25.056377607461958,47.64786538793045],[25.05549466684045,47.654449085060634],[25.050525003367397,47.65911823237688],[25.04409655530599,47.65932330728168],[25.038362599376658,47.66412164259243],[25.022162861807104,47.666395328607436],[25.017212603114668,47.67444466447605],[25.007598035058056,47.67668187390187],[25.000727341856788,47.68296668766592],[24.996129162679367,47.68398919286094],[24.98203254616921,47.69479054931627],[24.97469504031116,47.699182016239654],[24.959555767663296,47.70563807379442],[24.952056029350548,47.705796668035354],[24.953728785468964,47.71181912072571],[24.947924824352143,47.71719002243181],[24.947111725710393,47.729141477238144],[24.901200548555206,47.724739404841614],[24.88315048789658,47.72437107522827]]]},"properties":{"id":2059,"natCode":106746,"name":"Borșa","natLevName":"Oras","countyId":24,"countyCode":243,"county":"Maramureș","countyMn":"MM","regionId":6,"regionCode":868,"region":"Nord-Vest","version":"2025-03-26"}},{"type":"Feature","geometry":{"type":"Polygon","coordinates":[[[24.232986862072302,47.706675795397615],[24.229839110577704,47.71728808182953],[24.230179990498815,47.72444962365977],[24.226932706064204,47.72877739484174],[24.21093183162432,47.73245272562252],[24.197814206358764,47.73212933614136],[24.1715853275598,47.71554462212505],[24.155307080852943,47.714486828027205],[24.15360938450968,47.71164478388581],[24.143155667924937,47.7074193246945],[24.152410705952313,47.702619738801374],[24.150744823765702,47.69896843395954],[24.151978412155866,47.69254641843028],[24.15541159502011,47.69194810008182],[24.17148520197235,47.694160188180355],[24.17499568478005,47.69165793527638],[24.17492617768758,47.68652112523471],[24.178432408963403,47.68472289494494],[24.18787146519179,47.68505483504563],[24.18920110400324,47.68753673470731],[24.20166103098144,47.69035522459729],[24.210543393364233,47.6900201870441],[24.213873579325732,47.70049463600815],[24.22314020793474,47.70283306143056],[24.23226808769419,47.70349164718956],[24.232986862072302,47.706675795397615]]]},"properties":{"id":2060,"natCode":179613,"name":"Șieu","natLevName":"Comuna","countyId":24,"countyCode":243,"county":"Maramureș","countyMn":"MM","regionId":6,"regionCode":868,"region":"Nord-Vest","version":"2025-03-26"}},{"type":"Feature","geometry":{"type":"Polygon","coordinates":[[[24.356731565676135,47.6892484489288],[24.35548783477241,47.69189011133971],[24.34588508580641,47.696798953326365],[24.344349858269588,47.70162963794719],[24.34664571041825,47.708000175525704],[24.32709043415211,47.709618056492644],[24.326399697755758,47.71706098206084],[24.32205298754165,47.72293332172551],[24.311968684891912,47.724302407378154],[24.296333356422224,47.723307953996816],[24.290194454697282,47.726410643572834],[24.286721047067157,47.733162559301064],[24.27969239560471,47.735070338543636],[24.2798975325777,47.7265385004025],[24.277775576261657,47.724852345710744],[24.266046895729165,47.72296648841585],[24.26131537454428,47.71441065398738],[24.254434440497906,47.70841328194303],[24.24368143001675,47.708068091489295],[24.23763682483529,47.710022626014236],[24.232986862072302,47.706675795397615],[24.23226808769419,47.70349164718956],[24.245201812071738,47.69701904973349],[24.250227803704348,47.68538122315818],[24.254996276110955,47.68143865190511],[24.254259609734927,47.67578518376044],[24.26202050104441,47.67337223038912],[24.260755214867935,47.66768195203921],[24.27015326456916,47.6681959890692],[24.274033220489258,47.67208588829889],[24.276916406507684,47.67892966903449],[24.285192050388225,47.68656066561464],[24.29573309061368,47.68822925245076],[24.307140443512832,47.68591277716186],[24.313908418161663,47.679892633120154],[24.325569058903532,47.677906598005784],[24.33905367024605,47.68147457397275],[24.345462944900163,47.67943445851094],[24.354046291968558,47.68560359458754],[24.356731565676135,47.6892484489288]]]},"properties":{"id":2061,"natCode":107403,"name":"Bogdan Vodă","natLevName":"Comuna","countyId":24,"countyCode":243,"county":"Maramureș","countyMn":"MM","regionId":6,"regionCode":868,"region":"Nord-Vest","version":"2025-03-26"}},{"type":"Feature","geometry":{"type":"Polygon","coordinates":[[[23.70509431221375,47.73120539382128],[23.698305090037273,47.73071808757681],[23.68981396964999,47.73452006588632],[23.684372726611223,47.73288066722622],[23.684037032674183,47.72835687791058],[23.679951354008104,47.72598116993759],[23.67900425589125,47.720512739116],[23.682200481779553,47.715752162815846],[23.673518342157134,47.71209678229049],[23.66313211017838,47.7024035639193],[23.657628428680113,47.701071451713055],[23.6632073020225,47.69553924976733],[23.65569884722175,47.68648583219975],[23.650060479673737,47.68521679420532],[23.648402347021825,47.67963712594253],[23.634624814729744,47.67236849252877],[23.626631971210564,47.67011259432631],[23.62038426197882,47.66368978305621],[23.615010520749383,47.66162422531422],[23.620859276776493,47.64772069464615],[23.612324396993223,47.6445590811598],[23.61712354987371,47.630641359361015],[23.627549550101406,47.62759957893719],[23.63119038330165,47.62317617397181],[23.643072292749885,47.62865810271583],[23.651536315371636,47.62990013204358],[23.656582670949934,47.63312143782104],[23.659851472394458,47.63928536558789],[23.66518599721921,47.63984091965311],[23.667389870902817,47.64396882995686],[23.678516960409663,47.64661461355962],[23.68544290935826,47.64855434452501],[23.699512515656593,47.6488970507199],[23.719388680755458,47.64585192231683],[23.725564710567077,47.63648477683628],[23.734621647602133,47.638168783415765],[23.740897593438383,47.64116163102402],[23.753595787483547,47.65165455605845],[23.766171458366987,47.65754302994416],[23.787400410791548,47.66194682332889],[23.794190926810632,47.66701615406052],[23.80419473865554,47.67020211143774],[23.81846532105246,47.69197228773578],[23.804749999788296,47.69892007592797],[23.798496108281697,47.70027968267222],[23.788211572463588,47.69801618916312],[23.785322682960103,47.701216496708],[23.77037433027232,47.70220563176262],[23.76250720745235,47.69821175498236],[23.753986107461145,47.69986025700554],[23.750420084900167,47.70361943053434],[23.742768793402604,47.70330951098305],[23.73473507480782,47.706754149451776],[23.73338501997738,47.71698455317159],[23.718919140340944,47.72833611069661],[23.710445653944003,47.72647555387972],[23.70509431221375,47.73120539382128]]]},"properties":{"id":2066,"natCode":106684,"name":"Baia Sprie","natLevName":"Oras","countyId":24,"countyCode":243,"county":"Maramureș","countyMn":"MM","regionId":6,"regionCode":868,"region":"Nord-Vest","version":"2025-03-26"}},{"type":"Feature","geometry":{"type":"Polygon","coordinates":[[[24.212844355717948,47.767404515136896],[24.20488508875451,47.76369529041539],[24.19315332660762,47.76808041184398],[24.17900921472234,47.76442131220418],[24.176398568238124,47.76063814391739],[24.168066130347494,47.7546481613057],[24.16729830922249,47.74989048835795],[24.17179720380584,47.741516818282314],[24.164332057191814,47.73309087799901],[24.158182229077198,47.7305786521738],[24.14688067254965,47.728451928273046],[24.141146357617814,47.72939856742624],[24.123249126930524,47.721578851510664],[24.11879000128218,47.71711242352007],[24.124456107360558,47.71435087190703],[24.131672043620334,47.70712062168389],[24.14047510026246,47.710014666163296],[24.143155667924937,47.7074193246945],[24.15360938450968,47.71164478388581],[24.155307080852943,47.714486828027205],[24.1715853275598,47.71554462212505],[24.197814206358764,47.73212933614136],[24.21093183162432,47.73245272562252],[24.226932706064204,47.72877739484174],[24.230179990498815,47.72444962365977],[24.229839110577704,47.71728808182953],[24.232986862072302,47.706675795397615],[24.23763682483529,47.710022626014236],[24.24368143001675,47.708068091489295],[24.254434440497906,47.70841328194303],[24.26131537454428,47.71441065398738],[24.266046895729165,47.72296648841585],[24.277775576261657,47.724852345710744],[24.2798975325777,47.7265385004025],[24.27969239560471,47.735070338543636],[24.276521207195284,47.73805907674065],[24.27908051388324,47.74458518907501],[24.254128741412572,47.75633132773552],[24.24998479677446,47.761135794196456],[24.24297626012119,47.75944586373169],[24.232798077529996,47.76715548482477],[24.221962908964617,47.761594891962524],[24.212844355717948,47.767404515136896]]]},"properties":{"id":2072,"natCode":108669,"name":"Rozavlea","natLevName":"Comuna","countyId":24,"countyCode":243,"county":"Maramureș","countyMn":"MM","regionId":6,"regionCode":868,"region":"Nord-Vest","version":"2025-03-26"}},{"type":"Feature","geometry":{"type":"Polygon","coordinates":[[[24.38143212497625,47.79241679152543],[24.36947391609456,47.79149395475227],[24.339713053398672,47.77946125764921],[24.331331290790985,47.77392863214557],[24.327977899634035,47.76896775542535],[24.326273096963018,47.76235908534851],[24.3137741098744,47.7554435376297],[24.30208777402052,47.75378160120289],[24.29985421887841,47.74915227481499],[24.290925307724713,47.74872727071408],[24.27908051388324,47.74458518907501],[24.276521207195284,47.73805907674065],[24.27969239560471,47.735070338543636],[24.286721047067157,47.733162559301064],[24.290194454697282,47.726410643572834],[24.296333356422224,47.723307953996816],[24.311968684891912,47.724302407378154],[24.32205298754165,47.72293332172551],[24.326399697755758,47.71706098206084],[24.32709043415211,47.709618056492644],[24.34664571041825,47.708000175525704],[24.344349858269588,47.70162963794719],[24.34588508580641,47.696798953326365],[24.35548783477241,47.69189011133971],[24.356731565676135,47.6892484489288],[24.37665906043182,47.695825226359034],[24.389667090356678,47.69316232301347],[24.391744127369883,47.700847694216264],[24.3854534402769,47.706531681640435],[24.383237639712572,47.71132155626084],[24.38972383870605,47.73147406201162],[24.397488861289858,47.74000354160093],[24.387923113445613,47.748939745992594],[24.39113603250885,47.750714211725985],[24.380581482445294,47.75528244635297],[24.375570883897833,47.76195897942464],[24.385513607517105,47.77190266550699],[24.399784490611946,47.78003189311582],[24.40071903186072,47.78440112528207],[24.396943795732053,47.79021066452857],[24.390462875508923,47.7886291253099],[24.38143212497625,47.79241679152543]]]},"properties":{"id":2078,"natCode":109504,"name":"Vișeu de Jos","natLevName":"Comuna","countyId":24,"countyCode":243,"county":"Maramureș","countyMn":"MM","regionId":6,"regionCode":868,"region":"Nord-Vest","version":"2025-03-26"}},{"type":"Feature","geometry":{"type":"Polygon","coordinates":[[[24.249752947836818,47.80547533104913],[24.243844046973035,47.8020418486193],[24.23451633612422,47.803903342726834],[24.22752172067054,47.794486160664675],[24.218335511950166,47.792814621884744],[24.210430844522868,47.78849189068028],[24.213691118794763,47.78020431124453],[24.212844355717948,47.767404515136896],[24.221962908964617,47.761594891962524],[24.232798077529996,47.76715548482477],[24.24297626012119,47.75944586373169],[24.24998479677446,47.761135794196456],[24.254128741412572,47.75633132773552],[24.27908051388324,47.74458518907501],[24.290925307724713,47.74872727071408],[24.29985421887841,47.74915227481499],[24.30208777402052,47.75378160120289],[24.3137741098744,47.7554435376297],[24.326273096963018,47.76235908534851],[24.327977899634035,47.76896775542535],[24.314179197649853,47.773637955830026],[24.30750628048506,47.780637640984835],[24.30113973800201,47.782896595334606],[24.28353211008025,47.78188576755686],[24.26854381415723,47.78338955425983],[24.26275994377872,47.788410415373185],[24.256246275148253,47.78911391806874],[24.248769917348625,47.794553831760794],[24.249752947836818,47.80547533104913]]]},"properties":{"id":2085,"natCode":108240,"name":"Leordina","natLevName":"Comuna","countyId":24,"countyCode":243,"county":"Maramureș","countyMn":"MM","regionId":6,"regionCode":868,"region":"Nord-Vest","version":"2025-03-26"}},{"type":"Feature","geometry":{"type":"Polygon","coordinates":[[[23.84949519434994,47.69609236012621],[23.855857563565234,47.707194859318534],[23.858388816100437,47.71760142461322],[23.855279643321023,47.718771134625946],[23.852611503131396,47.72553589324027],[23.844118299897765,47.73116483585777],[23.848213774216745,47.739928307104876],[23.848257550991555,47.744593858294216],[23.85578834269389,47.747076223465136],[23.858661323939156,47.75148533207875],[23.86425806402824,47.75483908433508],[23.87034516417246,47.763751120376945],[23.875606853183328,47.77503260483722],[23.88060716864665,47.77553740208074],[23.88869809495598,47.7723730535913],[23.898464906675525,47.77593451100751],[23.905271241463932,47.782496524752744],[23.89409307428469,47.791733697139506],[23.86770436994209,47.801242515633064],[23.862041538563563,47.80426277941685],[23.86314816058654,47.80951303922718],[23.845768654039208,47.813045230259156],[23.836789423465255,47.810752799781724],[23.826037273544664,47.81404386730746],[23.81151438940597,47.807088468629765],[23.802568324079243,47.79998298065189],[23.798322232398185,47.794670187682414],[23.784831016205512,47.79422743063256],[23.77679509095926,47.798114657634926],[23.77258655904477,47.80333881632193],[23.767632455938852,47.81396715267559],[23.762539727853056,47.81177533851292],[23.75764125250819,47.798391333355255],[23.746753731574547,47.79273710441089],[23.735743701330875,47.798000131090944],[23.714975784630205,47.79920791772396],[23.703570392075452,47.804545635988724],[23.705221657877214,47.80905015727507],[23.69029079250663,47.80757142328474],[23.685354333671675,47.81057504602168],[23.678360235563378,47.80776765090714],[23.678808209360515,47.80136881563971],[23.685263357251216,47.7978891736433],[23.690655634974046,47.78989750844298],[23.688434017875807,47.78121414734134],[23.692782181492433,47.773791975611715],[23.693060373578263,47.768690622459],[23.697731681722132,47.76665397937259],[23.695315207968555,47.757626895360225],[23.698534711979633,47.75003044312346],[23.705783150837902,47.744010962923824],[23.70104366011354,47.73491966453118],[23.70509431221375,47.73120539382128],[23.710445653944003,47.72647555387972],[23.718919140340944,47.72833611069661],[23.73338501997738,47.71698455317159],[23.73473507480782,47.706754149451776],[23.742768793402604,47.70330951098305],[23.750420084900167,47.70361943053434],[23.753986107461145,47.69986025700554],[23.76250720745235,47.69821175498236],[23.77037433027232,47.70220563176262],[23.785322682960103,47.701216496708],[23.788211572463588,47.69801618916312],[23.798496108281697,47.70027968267222],[23.804749999788296,47.69892007592797],[23.81846532105246,47.69197228773578],[23.829983800247685,47.691125367281835],[23.835127861201485,47.69458354492857],[23.845103251752146,47.697860692333734],[23.84949519434994,47.69609236012621]]]},"properties":{"id":2090,"natCode":107975,"name":"Desești","natLevName":"Comuna","countyId":24,"countyCode":243,"county":"Maramureș","countyMn":"MM","regionId":6,"regionCode":868,"region":"Nord-Vest","version":"2025-03-26"}},{"type":"Feature","geometry":{"type":"Polygon","coordinates":[[[24.14548054308734,47.817468960969904],[24.13552750539947,47.81777346784158],[24.12748055865227,47.81446012267637],[24.121851993353026,47.81454897474226],[24.115308584075546,47.808977051584826],[24.10478782804455,47.80644775810385],[24.094404427923017,47.79652257535257],[24.092966114866567,47.79048064986969],[24.096460323870932,47.786207248976126],[24.096026080916463,47.776343779909496],[24.078056861858535,47.77554639034033],[24.07128207964039,47.77254442411554],[24.070493073868043,47.76556665028368],[24.067746534569416,47.76257715154311],[24.063633493463996,47.74906006452082],[24.057921827464842,47.74798616233053],[24.059877859173923,47.74112335664847],[24.056514238091417,47.73227227176966],[24.05153809029358,47.73034603958584],[24.049991038318264,47.72457645348909],[24.037914065763655,47.71838195113125],[24.035453490855563,47.70992471720572],[24.021597053666415,47.707390298550415],[24.027254235748593,47.706551755314656],[24.027504381986564,47.698520337523924],[24.03238729546684,47.69435839254121],[24.038051981451435,47.69312664832372],[24.04258027718932,47.6935354201669],[24.057882492202584,47.69551964001329],[24.07211751226409,47.70254586193598],[24.079968674936477,47.707631218253816],[24.089442670250346,47.70676225520442],[24.097253086932728,47.712798116754556],[24.10297109300768,47.710755444420926],[24.114383009794714,47.71734091888],[24.11879000128218,47.71711242352007],[24.123249126930524,47.721578851510664],[24.141146357617814,47.72939856742624],[24.14688067254965,47.728451928273046],[24.158182229077198,47.7305786521738],[24.164332057191814,47.73309087799901],[24.17179720380584,47.741516818282314],[24.16729830922249,47.74989048835795],[24.168066130347494,47.7546481613057],[24.176398568238124,47.76063814391739],[24.17900921472234,47.76442131220418],[24.19315332660762,47.76808041184398],[24.20488508875451,47.76369529041539],[24.212844355717948,47.767404515136896],[24.213691118794763,47.78020431124453],[24.210430844522868,47.78849189068028],[24.19621417183198,47.78926115636475],[24.181437327284222,47.79437839711648],[24.179025890760734,47.800602085987755],[24.175088151509996,47.80319221168473],[24.17109902220198,47.81232084576283],[24.163600617061523,47.81558878384445],[24.14548054308734,47.817468960969904]]]},"properties":{"id":2091,"natCode":109005,"name":"Strâmtura","natLevName":"Comuna","countyId":24,"countyCode":243,"county":"Maramureș","countyMn":"MM","regionId":6,"regionCode":868,"region":"Nord-Vest","version":"2025-03-26"}},{"type":"Feature","geometry":{"type":"Polygon","coordinates":[[[23.994485093641078,47.8182597632044],[23.98712346585032,47.81685249076598],[23.98012164595348,47.819403921300996],[23.972940733438243,47.82510055110228],[23.95916142852983,47.82320216303298],[23.95143380454811,47.81571373853316],[23.953269817190296,47.808140925975536],[23.94735955357212,47.79782655804984],[23.94943740088085,47.79029321846491],[23.95389534834343,47.78678507673905],[23.948507455552587,47.78224509575382],[23.954246924140836,47.77514501347739],[23.97394584906898,47.76478575026974],[23.979296687365412,47.75814890616817],[23.981502271311815,47.74996711917415],[23.995339039697804,47.7250792044701],[24.00380049007941,47.71798944153868],[24.003651326007315,47.71507092132113],[24.021597053666415,47.707390298550415],[24.035453490855563,47.70992471720572],[24.037914065763655,47.71838195113125],[24.049991038318264,47.72457645348909],[24.05153809029358,47.73034603958584],[24.056514238091417,47.73227227176966],[24.059877859173923,47.74112335664847],[24.057921827464842,47.74798616233053],[24.063633493463996,47.74906006452082],[24.067746534569416,47.76257715154311],[24.070493073868043,47.76556665028368],[24.06198267633347,47.76742147320503],[24.051341677902407,47.771780006886075],[24.054189568377858,47.77859430436122],[24.052157337620223,47.783218750565084],[24.035071235155797,47.78075513381073],[24.0270437600887,47.7833930009384],[24.028907776620276,47.7964016378483],[24.031031335516456,47.799863211265745],[24.018167275512933,47.80629503507804],[24.015572600837967,47.81323271261208],[24.003835227796294,47.81231415527618],[24.002354119144368,47.81532698673832],[23.994485093641078,47.8182597632044]]]},"properties":{"id":2094,"natCode":107546,"name":"Călinești","natLevName":"Comuna","countyId":24,"countyCode":243,"county":"Maramureș","countyMn":"MM","regionId":6,"regionCode":868,"region":"Nord-Vest","version":"2025-03-26"}},{"type":"Feature","geometry":{"type":"Polygon","coordinates":[[[23.94735955357212,47.79782655804984],[23.9473428400795,47.801546860847125],[23.942521205891172,47.804570270584286],[23.937048903383086,47.80436279399497],[23.937323162340327,47.798476474328886],[23.933533455697276,47.79245384103674],[23.92718617191864,47.78895962637939],[23.91597030720123,47.79510029943229],[23.91336771093606,47.799830411275934],[23.92271747828073,47.80690432987068],[23.920046244064707,47.80984745801248],[23.897491366591808,47.81315193380483],[23.889311948542847,47.81262212061762],[23.880683184769342,47.815822043291504],[23.879931908098794,47.81878691117116],[23.86945706898847,47.818917036222686],[23.848830701638423,47.82549691142016],[23.83924364351046,47.827361708929246],[23.837037980328308,47.82440608645876],[23.827860724156533,47.822238953889475],[23.822476901786946,47.82431923045988],[23.79934123931866,47.829764222022206],[23.792681206169608,47.829021897407316],[23.785787791821452,47.83228944684141],[23.76351462412757,47.83164387892497],[23.757515692668917,47.83234484259492],[23.7374314788929,47.83159305195352],[23.72518005463728,47.82871999300168],[23.71011839167133,47.820754230908086],[23.711641356884858,47.813164679740666],[23.705221657877214,47.80905015727507],[23.703570392075452,47.804545635988724],[23.714975784630205,47.79920791772396],[23.735743701330875,47.798000131090944],[23.746753731574547,47.79273710441089],[23.75764125250819,47.798391333355255],[23.762539727853056,47.81177533851292],[23.767632455938852,47.81396715267559],[23.77258655904477,47.80333881632193],[23.77679509095926,47.798114657634926],[23.784831016205512,47.79422743063256],[23.798322232398185,47.794670187682414],[23.802568324079243,47.79998298065189],[23.81151438940597,47.807088468629765],[23.826037273544664,47.81404386730746],[23.836789423465255,47.810752799781724],[23.845768654039208,47.813045230259156],[23.86314816058654,47.80951303922718],[23.862041538563563,47.80426277941685],[23.86770436994209,47.801242515633064],[23.89409307428469,47.791733697139506],[23.905271241463932,47.782496524752744],[23.898464906675525,47.77593451100751],[23.88869809495598,47.7723730535913],[23.88060716864665,47.77553740208074],[23.875606853183328,47.77503260483722],[23.87034516417246,47.763751120376945],[23.86425806402824,47.75483908433508],[23.858661323939156,47.75148533207875],[23.85578834269389,47.747076223465136],[23.848257550991555,47.744593858294216],[23.848213774216745,47.739928307104876],[23.844118299897765,47.73116483585777],[23.852611503131396,47.72553589324027],[23.855279643321023,47.718771134625946],[23.858388816100437,47.71760142461322],[23.855857563565234,47.707194859318534],[23.84949519434994,47.69609236012621],[23.851315108946824,47.694151411645336],[23.861537304295652,47.69581970490026],[23.863406917521257,47.693292508503504],[23.873178245088244,47.692823878430254],[23.877656623009244,47.69543740755738],[23.8913306674105,47.69710455200047],[23.897448588171148,47.69405513610297],[23.90331591254374,47.696289472207944],[23.91246555619611,47.71544851181194],[23.91161165528214,47.72419480559588],[23.91774232724786,47.72835908645267],[23.925832965540796,47.73779619939639],[23.919161071606002,47.74714922901102],[23.921281005493757,47.752920370352285],[23.918203785812967,47.761419015263186],[23.926202360790604,47.76231524722536],[23.931291542595137,47.76094629310634],[23.94455007523658,47.77214431354486],[23.948461336151805,47.77151112249563],[23.954246924140836,47.77514501347739],[23.948507455552587,47.78224509575382],[23.95389534834343,47.78678507673905],[23.94943740088085,47.79029321846491],[23.94735955357212,47.79782655804984]]]},"properties":{"id":2097,"natCode":108400,"name":"Ocna Șugatag","natLevName":"Comuna","countyId":24,"countyCode":243,"county":"Maramureș","countyMn":"MM","regionId":6,"regionCode":868,"region":"Nord-Vest","version":"2025-03-26"}},{"type":"Feature","geometry":{"type":"Polygon","coordinates":[[[24.384077701847353,47.80130957210784],[24.373736935566047,47.809033035890195],[24.375841095370017,47.81224001172809],[24.37023539698511,47.817636920752776],[24.353301397218324,47.81465439132704],[24.33749979435823,47.81453202920379],[24.328371912011473,47.827640723130955],[24.31866478109143,47.83111828151418],[24.313162626919127,47.837437901760374],[24.30035260587177,47.832867413522536],[24.299483486614964,47.82964995634488],[24.28612024518586,47.82090006646456],[24.277688122492872,47.81996104487998],[24.270518594810586,47.816714505926896],[24.268094638786216,47.811945855239614],[24.2537284942657,47.80734824197851],[24.250092228059675,47.8073862121243],[24.249752947836818,47.80547533104913],[24.248769917348625,47.794553831760794],[24.256246275148253,47.78911391806874],[24.26275994377872,47.788410415373185],[24.26854381415723,47.78338955425983],[24.28353211008025,47.78188576755686],[24.30113973800201,47.782896595334606],[24.30750628048506,47.780637640984835],[24.314179197649853,47.773637955830026],[24.327977899634035,47.76896775542535],[24.331331290790985,47.77392863214557],[24.339713053398672,47.77946125764921],[24.36947391609456,47.79149395475227],[24.38143212497625,47.79241679152543],[24.38533087074605,47.79591504500513],[24.384077701847353,47.80130957210784]]]},"properties":{"id":2098,"natCode":108696,"name":"Ruscova","natLevName":"Comuna","countyId":24,"countyCode":243,"county":"Maramureș","countyMn":"MM","regionId":6,"regionCode":868,"region":"Nord-Vest","version":"2025-03-26"}},{"type":"Feature","geometry":{"type":"Polygon","coordinates":[[[24.13974247263285,47.8478963948326],[24.13261293677886,47.84579900173575],[24.12519470648448,47.85101760530335],[24.110384511091112,47.851411187066006],[24.104057771951197,47.84857541243966],[24.092450502789497,47.849292409851174],[24.091966556269817,47.854718096977514],[24.07479762562706,47.85884509657049],[24.06822121181484,47.858278286223545],[24.055559743038568,47.86012457654422],[24.048467435346577,47.854708117398935],[24.03897040888573,47.857956347795955],[24.03048001500761,47.85749049425587],[24.0266036812057,47.8498851792469],[24.021027299852186,47.849643747050685],[24.015771191601743,47.85270935560493],[24.00851108561815,47.84955377653142],[24.000392863839885,47.84401453424917],[23.996833463934276,47.83571482402623],[23.996361783735182,47.82462563627782],[23.994485093641078,47.8182597632044],[24.002354119144368,47.81532698673832],[24.003835227796294,47.81231415527618],[24.015572600837967,47.81323271261208],[24.018167275512933,47.80629503507804],[24.031031335516456,47.799863211265745],[24.028907776620276,47.7964016378483],[24.0270437600887,47.7833930009384],[24.035071235155797,47.78075513381073],[24.052157337620223,47.783218750565084],[24.054189568377858,47.77859430436122],[24.051341677902407,47.771780006886075],[24.06198267633347,47.76742147320503],[24.070493073868043,47.76556665028368],[24.07128207964039,47.77254442411554],[24.078056861858535,47.77554639034033],[24.096026080916463,47.776343779909496],[24.096460323870932,47.786207248976126],[24.092966114866567,47.79048064986969],[24.094404427923017,47.79652257535257],[24.10478782804455,47.80644775810385],[24.115308584075546,47.808977051584826],[24.121851993353026,47.81454897474226],[24.12748055865227,47.81446012267637],[24.13552750539947,47.81777346784158],[24.14548054308734,47.817468960969904],[24.151491951958484,47.82912781925758],[24.149407402199618,47.84502930131162],[24.13974247263285,47.8478963948326]]]},"properties":{"id":2105,"natCode":107314,"name":"Bârsana","natLevName":"Comuna","countyId":24,"countyCode":243,"county":"Maramureș","countyMn":"MM","regionId":6,"regionCode":868,"region":"Nord-Vest","version":"2025-03-26"}},{"type":"Feature","geometry":{"type":"Polygon","coordinates":[[[24.88315048789658,47.72437107522827],[24.886438035498493,47.73392026605005],[24.881400527013646,47.738955133825826],[24.87819868106104,47.75265946159736],[24.855284547688683,47.76578339952054],[24.85485908312055,47.77070775435964],[24.851383682505933,47.77467918922574],[24.836524583898168,47.77951981552706],[24.837680923965742,47.78639043542757],[24.836594744161236,47.79359813590089],[24.833480032812954,47.797623017085336],[24.821535047544575,47.80621404442018],[24.823166819419253,47.812727227630276],[24.827750397414288,47.82047630592558],[24.79752815804571,47.82468706025081],[24.784123304924133,47.82343738039369],[24.778871509645917,47.83125756619737],[24.778118809524386,47.837402332677165],[24.76528517362912,47.83933700625134],[24.758384541461027,47.83709404911618],[24.752970679564616,47.829738597739066],[24.740782056340425,47.83689349449199],[24.739285817517207,47.841137296887275],[24.73440616490534,47.8438557969866],[24.719791183445246,47.83932752563169],[24.705795400898154,47.84012430480739],[24.70291945710834,47.852468976235386],[24.68520519014284,47.85505496413379],[24.681793774160457,47.86026933736185],[24.67230449915679,47.86311714618652],[24.670900945257806,47.865294468682364],[24.65863060515089,47.85981081160355],[24.64718017656112,47.85309083945735],[24.642805579173857,47.85414376096592],[24.635758424172266,47.84724500834194],[24.62813124496828,47.84511522179318],[24.610764920845288,47.831183371665894],[24.601761804881363,47.82930660534111],[24.59595898097376,47.82636533712203],[24.59116163246458,47.8190078011866],[24.590681947672422,47.8097140947565],[24.592240697512302,47.80487036768309],[24.58346650412725,47.794671013606816],[24.57211558154988,47.79561782656525],[24.561167198012853,47.79383187025518],[24.559592944521825,47.788655212863674],[24.536633029490126,47.7759333334117],[24.52760565185717,47.76971384090317],[24.52099038496834,47.771984334426946],[24.504836052443586,47.77217928296082],[24.49698013899544,47.77384203725496],[24.485530552728648,47.769692323454095],[24.477470672645357,47.769152489696985],[24.468800808445838,47.7662349258551],[24.461951188770207,47.77555445807309],[24.454007649452723,47.779706898812286],[24.44351553889508,47.78146136832827],[24.437191019501366,47.78537594872235],[24.4349912748749,47.793639644406525],[24.427159056607053,47.793345954145664],[24.42115525542793,47.790961221425896],[24.411121679222084,47.79389685597981],[24.396943795732053,47.79021066452857],[24.40071903186072,47.78440112528207],[24.399784490611946,47.78003189311582],[24.385513607517105,47.77190266550699],[24.375570883897833,47.76195897942464],[24.380581482445294,47.75528244635297],[24.39113603250885,47.750714211725985],[24.387923113445613,47.748939745992594],[24.397488861289858,47.74000354160093],[24.38972383870605,47.73147406201162],[24.383237639712572,47.71132155626084],[24.3854534402769,47.706531681640435],[24.391744127369883,47.700847694216264],[24.389667090356678,47.69316232301347],[24.389272386174397,47.67919751959391],[24.391699498981765,47.674734961420626],[24.40553849474682,47.67336621516486],[24.413286348143735,47.67745693402917],[24.424398652438615,47.67729441332432],[24.42540939114004,47.6679088529733],[24.4349245797509,47.663305147014114],[24.448439314830086,47.66701200562104],[24.449051144074847,47.663621046778324],[24.45558728570174,47.65925037466798],[24.468885666836716,47.664437067179996],[24.47536521108286,47.67542140274481],[24.49303954492024,47.68877802065451],[24.506335479314657,47.68989710868388],[24.51694736057818,47.692362889443984],[24.531095334402355,47.69079509497624],[24.536054217246864,47.68565751486188],[24.543832094585024,47.68315394811611],[24.556355732924533,47.68690815468078],[24.567344332541865,47.688705549834125],[24.576107834145912,47.68263425396275],[24.58612343751479,47.680284610883106],[24.598913689792642,47.68231552789571],[24.611518935694185,47.68029646242721],[24.6205534984731,47.68702228752875],[24.606506231785012,47.70428471501183],[24.604801072986255,47.71184842948687],[24.61131281810167,47.71335348871907],[24.616773820519846,47.717445199475655],[24.629455894835086,47.72105011308858],[24.6359734494832,47.72071505974186],[24.642626795357035,47.72319851287801],[24.653822557112385,47.72404485548879],[24.671479366476063,47.72724123240002],[24.69457572344706,47.72406346735226],[24.699179545734644,47.72444090370541],[24.71303793726672,47.72220366304388],[24.720822079766403,47.730752462212784],[24.727450042851917,47.72912272114134],[24.7401165325906,47.72969290721921],[24.75034600603756,47.727033986244344],[24.75737634397337,47.71918790266909],[24.772181539980306,47.71718865032911],[24.786566295340013,47.71078390561892],[24.79488966210757,47.71266140103385],[24.808997447226815,47.710730368902944],[24.81665163594946,47.711278698801394],[24.822054178617396,47.7162229550916],[24.830043892930917,47.71939437408049],[24.83646461406389,47.7162389741881],[24.85561819025952,47.71431975917076],[24.861468142345004,47.70981577172006],[24.870773846651634,47.70748537158868],[24.881056530276584,47.712508550867994],[24.887538384030613,47.71833924982621],[24.88315048789658,47.72437107522827]]]},"properties":{"id":2107,"natCode":106979,"name":"Vișeu de Sus","natLevName":"Oras","countyId":24,"countyCode":243,"county":"Maramureș","countyMn":"MM","regionId":6,"regionCode":868,"region":"Nord-Vest","version":"2025-03-26"}},{"type":"Feature","geometry":{"type":"Polygon","coordinates":[[[23.94520519181028,47.86584433598904],[23.935873283236248,47.8709069006758],[23.929795887076867,47.86822081358663],[23.92564826309032,47.870281875980716],[23.915845667052682,47.86710659384501],[23.91163390359588,47.8683751072918],[23.902757420090754,47.86642474403902],[23.891667126718346,47.862117779978156],[23.878811544436072,47.861265088997285],[23.873630850233226,47.86378733152767],[23.858265432341295,47.863959412699536],[23.855467052691964,47.86183804835499],[23.836949348230217,47.860358943172635],[23.83301880488083,47.85390377332751],[23.828835521675074,47.855245529501865],[23.820669703620965,47.849970979710065],[23.807468941092296,47.85629361835257],[23.79958394380764,47.85545753120051],[23.790217187837666,47.85242426756025],[23.77083552454435,47.84396596652087],[23.761106109152784,47.84236232772822],[23.755230656484784,47.847401903009604],[23.740321206600893,47.849314756857694],[23.732269134671835,47.84688476516799],[23.72174334619788,47.84525280177685],[23.71463222929788,47.84735280422348],[23.70727218304213,47.84617109948095],[23.70476384196276,47.84297763269592],[23.68740230284526,47.83785256727744],[23.684059111869317,47.834689425593105],[23.69608180872075,47.830673924363325],[23.697147545222567,47.82460459877164],[23.71011839167133,47.820754230908086],[23.72518005463728,47.82871999300168],[23.7374314788929,47.83159305195352],[23.757515692668917,47.83234484259492],[23.76351462412757,47.83164387892497],[23.785787791821452,47.83228944684141],[23.792681206169608,47.829021897407316],[23.79934123931866,47.829764222022206],[23.822476901786946,47.82431923045988],[23.827860724156533,47.822238953889475],[23.837037980328308,47.82440608645876],[23.83924364351046,47.827361708929246],[23.848830701638423,47.82549691142016],[23.86945706898847,47.818917036222686],[23.879931908098794,47.81878691117116],[23.880683184769342,47.815822043291504],[23.889311948542847,47.81262212061762],[23.897491366591808,47.81315193380483],[23.920046244064707,47.80984745801248],[23.92271747828073,47.80690432987068],[23.91336771093606,47.799830411275934],[23.91597030720123,47.79510029943229],[23.92718617191864,47.78895962637939],[23.933533455697276,47.79245384103674],[23.937323162340327,47.798476474328886],[23.937048903383086,47.80436279399497],[23.942521205891172,47.804570270584286],[23.9473428400795,47.801546860847125],[23.94735955357212,47.79782655804984],[23.953269817190296,47.808140925975536],[23.95143380454811,47.81571373853316],[23.95916142852983,47.82320216303298],[23.972940733438243,47.82510055110228],[23.97031508903497,47.830337341321396],[23.95841963281319,47.839792330911486],[23.94520519181028,47.86584433598904]]]},"properties":{"id":2111,"natCode":108151,"name":"Giulești","natLevName":"Comuna","countyId":24,"countyCode":243,"county":"Maramureș","countyMn":"MM","regionId":6,"regionCode":868,"region":"Nord-Vest","version":"2025-03-26"}},{"type":"Feature","geometry":{"type":"Polygon","coordinates":[[[24.250092228059675,47.8073862121243],[24.243621310656376,47.81802926979349],[24.234124521513206,47.82642717187881],[24.218526399776916,47.83034133105539],[24.216671907733446,47.833918451164756],[24.20669531462917,47.83794166614316],[24.20492736464955,47.84995637297103],[24.201405121043546,47.85539949657913],[24.202153932613292,47.85866218436527],[24.188485141580127,47.86225299352698],[24.18420949672787,47.85849768691688],[24.173288203072403,47.85589593678342],[24.172889602009203,47.85850582967113],[24.18101196946712,47.86034458134027],[24.18165500539854,47.8633805834358],[24.168756284977576,47.87006491324043],[24.15519230411711,47.8745096269171],[24.149551392329435,47.866242279236026],[24.14466189782604,47.86705154330378],[24.140366772718128,47.863715660452016],[24.14141754214884,47.85752724165017],[24.13974247263285,47.8478963948326],[24.149407402199618,47.84502930131162],[24.151491951958484,47.82912781925758],[24.14548054308734,47.817468960969904],[24.163600617061523,47.81558878384445],[24.17109902220198,47.81232084576283],[24.175088151509996,47.80319221168473],[24.179025890760734,47.800602085987755],[24.181437327284222,47.79437839711648],[24.19621417183198,47.78926115636475],[24.210430844522868,47.78849189068028],[24.218335511950166,47.792814621884744],[24.22752172067054,47.794486160664675],[24.23451633612422,47.803903342726834],[24.243844046973035,47.8020418486193],[24.249752947836818,47.80547533104913],[24.250092228059675,47.8073862121243]]]},"properties":{"id":2112,"natCode":108455,"name":"Petrova","natLevName":"Comuna","countyId":24,"countyCode":243,"county":"Maramureș","countyMn":"MM","regionId":6,"regionCode":868,"region":"Nord-Vest","version":"2025-03-26"}},{"type":"Feature","geometry":{"type":"Polygon","coordinates":[[[24.03048001500761,47.85749049425587],[24.027388737571965,47.859244867481834],[24.027349063355544,47.8668293901342],[24.016396551088345,47.878546952228824],[24.00952041473026,47.86744813613193],[24.000372941652326,47.862226973654515],[23.9912638506219,47.86545235344378],[23.973533193081963,47.86956985339301],[23.966826327486302,47.87379712907886],[23.950001860706546,47.865440028707276],[23.94520519181028,47.86584433598904],[23.95841963281319,47.839792330911486],[23.97031508903497,47.830337341321396],[23.972940733438243,47.82510055110228],[23.98012164595348,47.819403921300996],[23.98712346585032,47.81685249076598],[23.994485093641078,47.8182597632044],[23.996361783735182,47.82462563627782],[23.996833463934276,47.83571482402623],[24.000392863839885,47.84401453424917],[24.00851108561815,47.84955377653142],[24.015771191601743,47.85270935560493],[24.021027299852186,47.849643747050685],[24.0266036812057,47.8498851792469],[24.03048001500761,47.85749049425587]]]},"properties":{"id":2113,"natCode":179864,"name":"Oncești","natLevName":"Comuna","countyId":24,"countyCode":243,"county":"Maramureș","countyMn":"MM","regionId":6,"regionCode":868,"region":"Nord-Vest","version":"2025-03-26"}},{"type":"Feature","geometry":{"type":"Polygon","coordinates":[[[23.973000619739288,47.89230590219577],[23.970134687368795,47.88905591486081],[23.96181954217367,47.88699090963615],[23.953380309669914,47.892057176871],[23.951351052225668,47.89582919118105],[23.94555037618624,47.89516617888953],[23.940532372428965,47.89139025003223],[23.93082192733291,47.89143060847352],[23.922179147979268,47.88880752163378],[23.92166517462761,47.883921214829606],[23.914041579649105,47.87928304456289],[23.91163390359588,47.8683751072918],[23.915845667052682,47.86710659384501],[23.92564826309032,47.870281875980716],[23.929795887076867,47.86822081358663],[23.935873283236248,47.8709069006758],[23.94520519181028,47.86584433598904],[23.950001860706546,47.865440028707276],[23.966826327486302,47.87379712907886],[23.973533193081963,47.86956985339301],[23.9912638506219,47.86545235344378],[24.000372941652326,47.862226973654515],[24.00952041473026,47.86744813613193],[24.016396551088345,47.878546952228824],[24.000672300043103,47.882672390939106],[23.981846413911313,47.890589591555155],[23.973000619739288,47.89230590219577]]]},"properties":{"id":2117,"natCode":106648,"name":"Vadu Izei","natLevName":"Comuna","countyId":24,"countyCode":243,"county":"Maramureș","countyMn":"MM","regionId":6,"regionCode":868,"region":"Nord-Vest","version":"2025-03-26"}},{"type":"Feature","geometry":{"type":"Polygon","coordinates":[[[24.34463051153131,47.91475205269174],[24.334739333124325,47.91779694099712],[24.324898583230095,47.92590010226373],[24.31594276903659,47.923194875114035],[24.30931101144019,47.918323401836155],[24.30383899246316,47.917076709377206],[24.29777457370549,47.91147352436076],[24.292361479825423,47.911161178701455],[24.279621864308062,47.9060082672582],[24.265486290067937,47.90752326973631],[24.255530879954136,47.906721997276016],[24.24041724639575,47.89932803961715],[24.228271421448053,47.89648356368552],[24.21854282356714,47.89757327487814],[24.217426776904965,47.90276131270286],[24.208837912941515,47.90889859412977],[24.20136938114733,47.91146808121396],[24.1966798971732,47.91606772460264],[24.181510813489595,47.91496696108889],[24.165084864252012,47.92027001306015],[24.160178762952878,47.914884126209],[24.14972395805354,47.916784809488384],[24.145055082169797,47.91294728843353],[24.138539546086434,47.91201334341202],[24.131937621369985,47.91550072211263],[24.118080384453055,47.91497576779183],[24.116662790400447,47.905908075550734],[24.118535001348434,47.89957795904261],[24.114384982884754,47.892362977625254],[24.121273078432093,47.88272288594946],[24.120172783535956,47.87561887716417],[24.12746475046148,47.87251663825258],[24.133685276836143,47.87191299795397],[24.14466189782604,47.86705154330378],[24.149551392329435,47.866242279236026],[24.15519230411711,47.8745096269171],[24.168756284977576,47.87006491324043],[24.18165500539854,47.8633805834358],[24.18101196946712,47.86034458134027],[24.172889602009203,47.85850582967113],[24.173288203072403,47.85589593678342],[24.18420949672787,47.85849768691688],[24.188485141580127,47.86225299352698],[24.202153932613292,47.85866218436527],[24.201405121043546,47.85539949657913],[24.20492736464955,47.84995637297103],[24.20669531462917,47.83794166614316],[24.216671907733446,47.833918451164756],[24.218526399776916,47.83034133105539],[24.234124521513206,47.82642717187881],[24.243621310656376,47.81802926979349],[24.250092228059675,47.8073862121243],[24.2537284942657,47.80734824197851],[24.268094638786216,47.811945855239614],[24.270518594810586,47.816714505926896],[24.277688122492872,47.81996104487998],[24.28612024518586,47.82090006646456],[24.299483486614964,47.82964995634488],[24.30035260587177,47.832867413522536],[24.313162626919127,47.837437901760374],[24.316439216824687,47.84284705815226],[24.31216060183137,47.844671783086454],[24.31601893823179,47.851788161130585],[24.316077246132007,47.856868221529865],[24.324742546703938,47.857313226218956],[24.329359376673395,47.85473613489676],[24.333488390263422,47.86004843270968],[24.34798924529575,47.86670846051678],[24.34976041632714,47.87433350638171],[24.356555101901936,47.87930080880774],[24.357635272145185,47.88581361758756],[24.353463296740518,47.892027812877295],[24.34778028891761,47.89557465267571],[24.34477349782868,47.90009689459314],[24.34830011584614,47.90963956731171],[24.34463051153131,47.91475205269174]]]},"properties":{"id":2127,"natCode":107270,"name":"Bistra","natLevName":"Comuna","countyId":24,"countyCode":243,"county":"Maramureș","countyMn":"MM","regionId":6,"regionCode":868,"region":"Nord-Vest","version":"2025-03-26"}},{"type":"Feature","geometry":{"type":"Polygon","coordinates":[[[24.0994052775445,47.93044419494291],[24.092429059894,47.930379027671776],[24.08138667759042,47.9276716753732],[24.065966646013386,47.92535507579972],[24.06172541142781,47.92137577177789],[24.03308313301557,47.91879615750218],[24.02990398480008,47.91552524829881],[24.017156298998657,47.91203725762568],[24.0003897153848,47.89737758372326],[23.98717872959896,47.896615087440296],[23.982084551620915,47.894585233609305],[23.981846413911313,47.890589591555155],[24.000672300043103,47.882672390939106],[24.016396551088345,47.878546952228824],[24.027349063355544,47.8668293901342],[24.027388737571965,47.859244867481834],[24.03048001500761,47.85749049425587],[24.03897040888573,47.857956347795955],[24.048467435346577,47.854708117398935],[24.055559743038568,47.86012457654422],[24.06822121181484,47.858278286223545],[24.07479762562706,47.85884509657049],[24.091966556269817,47.854718096977514],[24.092450502789497,47.849292409851174],[24.104057771951197,47.84857541243966],[24.110384511091112,47.851411187066006],[24.12519470648448,47.85101760530335],[24.13261293677886,47.84579900173575],[24.13974247263285,47.8478963948326],[24.14141754214884,47.85752724165017],[24.140366772718128,47.863715660452016],[24.14466189782604,47.86705154330378],[24.133685276836143,47.87191299795397],[24.12746475046148,47.87251663825258],[24.120172783535956,47.87561887716417],[24.121273078432093,47.88272288594946],[24.114384982884754,47.892362977625254],[24.118535001348434,47.89957795904261],[24.116662790400447,47.905908075550734],[24.118080384453055,47.91497576779183],[24.109803002403467,47.91599052850448],[24.0994052775445,47.93044419494291]]]},"properties":{"id":2130,"natCode":108632,"name":"Rona de Sus","natLevName":"Comuna","countyId":24,"countyCode":243,"county":"Maramureș","countyMn":"MM","regionId":6,"regionCode":868,"region":"Nord-Vest","version":"2025-03-26"}},{"type":"Feature","geometry":{"type":"Polygon","coordinates":[[[24.08138667759042,47.9276716753732],[24.06550052723101,47.927976376324416],[24.050181001471298,47.932247498318524],[24.041064292157373,47.93330173059658],[24.029636462953427,47.939282508672186],[24.02334665624609,47.94403740759255],[24.005324844539974,47.94013190529376],[23.989738091026197,47.938649914131894],[23.982807756032066,47.93376534756684],[23.97457702820629,47.93427287193119],[23.96770450908592,47.93421223071448],[23.966200338384873,47.93066456054396],[23.972571974031265,47.923322650834194],[23.968051094057632,47.91888967777604],[23.966231631552407,47.910532459909504],[23.969830167607498,47.906727807584815],[23.969123325125654,47.90079065471323],[23.973000619739288,47.89230590219577],[23.981846413911313,47.890589591555155],[23.982084551620915,47.894585233609305],[23.98717872959896,47.896615087440296],[24.0003897153848,47.89737758372326],[24.017156298998657,47.91203725762568],[24.02990398480008,47.91552524829881],[24.03308313301557,47.91879615750218],[24.06172541142781,47.92137577177789],[24.065966646013386,47.92535507579972],[24.08138667759042,47.9276716753732]]]},"properties":{"id":2135,"natCode":108614,"name":"Rona de Jos","natLevName":"Comuna","countyId":24,"countyCode":243,"county":"Maramureș","countyMn":"MM","regionId":6,"regionCode":868,"region":"Nord-Vest","version":"2025-03-26"}},{"type":"Feature","geometry":{"type":"Polygon","coordinates":[[[24.670900945257806,47.865294468682364],[24.665789348662884,47.876506778233974],[24.66818975628878,47.88122173180971],[24.66728267199716,47.88570787074072],[24.6737823780222,47.89637989965825],[24.660969917447208,47.90886299997283],[24.652592694034198,47.91066176580943],[24.65158004677277,47.919118584020005],[24.63504051643691,47.92457468787267],[24.636538839252193,47.92979261295008],[24.62983494821698,47.93442193988899],[24.632344523516274,47.9397868163019],[24.628386452772798,47.94794837019272],[24.623380021717455,47.9517721189888],[24.610827340147353,47.95184718546233],[24.601695546229518,47.94533715208113],[24.592692666768674,47.95663618469368],[24.584102930589452,47.96073597361361],[24.583302020820312,47.96487040655179],[24.57539842385141,47.96739141801024],[24.56286803169931,47.968595647538606],[24.54959939036998,47.95993583989642],[24.536940944769892,47.96193234317768],[24.526999835006507,47.96154296686089],[24.513483647810673,47.953682640679716],[24.502014188555346,47.95228629520879],[24.49444695529303,47.955455028184026],[24.487730978054188,47.955870534440656],[24.485140952078666,47.95023062862281],[24.473727154637103,47.94140187292915],[24.46513880243783,47.92686956198057],[24.453056348633464,47.921299705696654],[24.452008628545777,47.916410329573296],[24.456950163388175,47.9094056104004],[24.46368386737225,47.9057131560222],[24.4573836639312,47.902744965150404],[24.456442834033005,47.8924100714602],[24.453223578359893,47.883362390970035],[24.445703275421934,47.87744071001937],[24.446887637228457,47.87166850369728],[24.439260378939554,47.866476912855276],[24.431731198309112,47.8633010473071],[24.424277845952993,47.85539062996325],[24.423766431685422,47.8475571454385],[24.419855580387992,47.84488987502792],[24.417119199568425,47.8325270989673],[24.41150459477073,47.83215654589767],[24.41033115665034,47.826712980607226],[24.399593720815023,47.820456523371234],[24.387497938407826,47.81613835075968],[24.380162251966034,47.81046964521733],[24.384077701847353,47.80130957210784],[24.38533087074605,47.79591504500513],[24.38143212497625,47.79241679152543],[24.390462875508923,47.7886291253099],[24.396943795732053,47.79021066452857],[24.411121679222084,47.79389685597981],[24.42115525542793,47.790961221425896],[24.427159056607053,47.793345954145664],[24.4349912748749,47.793639644406525],[24.437191019501366,47.78537594872235],[24.44351553889508,47.78146136832827],[24.454007649452723,47.779706898812286],[24.461951188770207,47.77555445807309],[24.468800808445838,47.7662349258551],[24.477470672645357,47.769152489696985],[24.485530552728648,47.769692323454095],[24.49698013899544,47.77384203725496],[24.504836052443586,47.77217928296082],[24.52099038496834,47.771984334426946],[24.52760565185717,47.76971384090317],[24.536633029490126,47.7759333334117],[24.559592944521825,47.788655212863674],[24.561167198012853,47.79383187025518],[24.57211558154988,47.79561782656525],[24.58346650412725,47.794671013606816],[24.592240697512302,47.80487036768309],[24.590681947672422,47.8097140947565],[24.59116163246458,47.8190078011866],[24.59595898097376,47.82636533712203],[24.601761804881363,47.82930660534111],[24.610764920845288,47.831183371665894],[24.62813124496828,47.84511522179318],[24.635758424172266,47.84724500834194],[24.642805579173857,47.85414376096592],[24.64718017656112,47.85309083945735],[24.65863060515089,47.85981081160355],[24.670900945257806,47.865294468682364]]]},"properties":{"id":2138,"natCode":108473,"name":"Poienile de Sub Munte","natLevName":"Comuna","countyId":24,"countyCode":243,"county":"Maramureș","countyMn":"MM","regionId":6,"regionCode":868,"region":"Nord-Vest","version":"2025-03-26"}},{"type":"Feature","geometry":{"type":"Polygon","coordinates":[[[24.487730978054188,47.955870534440656],[24.47174908645609,47.96305951152207],[24.4639660671978,47.96169567794012],[24.446851126361118,47.964179597704565],[24.435877233693354,47.97051233371468],[24.42893713012178,47.96772245503347],[24.417205268706937,47.95966107310575],[24.409686864910913,47.96007827347723],[24.392191301051735,47.952802287592824],[24.39214365993189,47.948419253893114],[24.38033818847966,47.93387954467113],[24.3815965724789,47.926587680629176],[24.36859092949283,47.92326220283623],[24.350145435713717,47.91553884230984],[24.34463051153131,47.91475205269174],[24.34830011584614,47.90963956731171],[24.34477349782868,47.90009689459314],[24.34778028891761,47.89557465267571],[24.353463296740518,47.892027812877295],[24.357635272145185,47.88581361758756],[24.356555101901936,47.87930080880774],[24.34976041632714,47.87433350638171],[24.34798924529575,47.86670846051678],[24.333488390263422,47.86004843270968],[24.329359376673395,47.85473613489676],[24.324742546703938,47.857313226218956],[24.316077246132007,47.856868221529865],[24.31601893823179,47.851788161130585],[24.31216060183137,47.844671783086454],[24.316439216824687,47.84284705815226],[24.313162626919127,47.837437901760374],[24.31866478109143,47.83111828151418],[24.328371912011473,47.827640723130955],[24.33749979435823,47.81453202920379],[24.353301397218324,47.81465439132704],[24.37023539698511,47.817636920752776],[24.375841095370017,47.81224001172809],[24.373736935566047,47.809033035890195],[24.384077701847353,47.80130957210784],[24.380162251966034,47.81046964521733],[24.387497938407826,47.81613835075968],[24.399593720815023,47.820456523371234],[24.41033115665034,47.826712980607226],[24.41150459477073,47.83215654589767],[24.417119199568425,47.8325270989673],[24.419855580387992,47.84488987502792],[24.423766431685422,47.8475571454385],[24.424277845952993,47.85539062996325],[24.431731198309112,47.8633010473071],[24.439260378939554,47.866476912855276],[24.446887637228457,47.87166850369728],[24.445703275421934,47.87744071001937],[24.453223578359893,47.883362390970035],[24.456442834033005,47.8924100714602],[24.4573836639312,47.902744965150404],[24.46368386737225,47.9057131560222],[24.456950163388175,47.9094056104004],[24.452008628545777,47.916410329573296],[24.453056348633464,47.921299705696654],[24.46513880243783,47.92686956198057],[24.473727154637103,47.94140187292915],[24.485140952078666,47.95023062862281],[24.487730978054188,47.955870534440656]]]},"properties":{"id":2139,"natCode":108598,"name":"Repedea","natLevName":"Comuna","countyId":24,"countyCode":243,"county":"Maramureș","countyMn":"MM","regionId":6,"regionCode":868,"region":"Nord-Vest","version":"2025-03-26"}},{"type":"Feature","geometry":{"type":"Polygon","coordinates":[[[24.0994052775445,47.93044419494291],[24.09859890899929,47.936514068116196],[24.08263181172774,47.94338745461456],[24.071088151427602,47.9470208991388],[24.062194148705057,47.953404571456566],[24.049714040424984,47.95340445691901],[24.031849966810977,47.949277727744544],[24.0254631754759,47.95701514236023],[24.009054578147644,47.96726070405303],[24.00400640704328,47.96646080330466],[23.996755925139176,47.96198699987683],[23.99080946738154,47.963236908502104],[23.98032570108795,47.95971796224104],[23.977700672012965,47.9673576070665],[23.973558883033107,47.967869669270584],[23.965994136988076,47.962595776005685],[23.95726488750333,47.96501444727947],[23.948583340622175,47.96152780544737],[23.945050576591488,47.95235234069509],[23.94357424901762,47.94543916074203],[23.938142024675653,47.942519483265244],[23.93967442960917,47.93965690461635],[23.94772787669432,47.94009564251744],[23.958607019039373,47.93440659455926],[23.96553809991465,47.937615737915806],[23.97457702820629,47.93427287193119],[23.982807756032066,47.93376534756684],[23.989738091026197,47.938649914131894],[24.005324844539974,47.94013190529376],[24.02334665624609,47.94403740759255],[24.029636462953427,47.939282508672186],[24.041064292157373,47.93330173059658],[24.050181001471298,47.932247498318524],[24.06550052723101,47.927976376324416],[24.08138667759042,47.9276716753732],[24.092429059894,47.930379027671776],[24.0994052775445,47.93044419494291]]]},"properties":{"id":2140,"natCode":107350,"name":"Bocicoiu Mare","natLevName":"Comuna","countyId":24,"countyCode":243,"county":"Maramureș","countyMn":"MM","regionId":6,"regionCode":868,"region":"Nord-Vest","version":"2025-03-26"}},{"type":"Feature","geometry":{"type":"Polygon","coordinates":[[[23.744785724218474,47.92282008215302],[23.744101130835904,47.9241579007037],[23.726345115140397,47.93263126312832],[23.725582452073944,47.93930124859407],[23.731763089759525,47.941773539801176],[23.727996276114858,47.95058358164414],[23.722367805220724,47.951966184306876],[23.720706704472768,47.956089410488744],[23.726122493168443,47.96104218423411],[23.724117360079582,47.96352796898571],[23.723951747755816,47.97525292152124],[23.72592109851365,47.97548569368088],[23.72676797786426,47.98650127448304],[23.720640833299722,47.99495747752912],[23.719612903147667,47.98992684302354],[23.71401953739309,47.98930663025192],[23.707632393804666,47.994293104786365],[23.685169064956334,47.98703159994144],[23.672933127191367,47.98634281419937],[23.664667327380737,47.983732455614195],[23.6613345550986,47.986291056789064],[23.65765469907877,47.9725826141865],[23.65274093987583,47.96720254367639],[23.64599604696632,47.96609250122565],[23.642075872122543,47.962815972959426],[23.644953150659777,47.9565288907721],[23.636619383414388,47.9543390133927],[23.635904288196325,47.95052162525857],[23.61915715253029,47.951844016084046],[23.606403916920733,47.948645775967954],[23.60222085950359,47.94877263973444],[23.59698397062667,47.94305168746358],[23.581387460562116,47.94487994341938],[23.572935513563564,47.94745388851066],[23.56251601743068,47.943785273528576],[23.565054204629924,47.942881027990666],[23.56858662698263,47.93419943014499],[23.57219508061229,47.93155952568603],[23.57210415438035,47.92668002367466],[23.5799383514557,47.92432648412913],[23.582509734125964,47.92002092332956],[23.580829591945246,47.91566874639788],[23.586479868183286,47.90789247734235],[23.586695487420872,47.90226716111302],[23.59037810253883,47.89874801805257],[23.60853770084765,47.89771107244073],[23.614795937061984,47.893423097148045],[23.614954996634182,47.88913540108725],[23.62210176282292,47.8884158439721],[23.628131343979085,47.88497792046579],[23.633068582034003,47.87697410056567],[23.63633203143552,47.87477759139839],[23.639810021668893,47.86416247099038],[23.632525081430884,47.85740721106515],[23.637762247547965,47.85825664526297],[23.64954721663927,47.84710746482576],[23.659525438370945,47.84409870730523],[23.671690614856423,47.84277499296031],[23.6770550224481,47.84511010248415],[23.68546822963729,47.84242826209524],[23.68740230284526,47.83785256727744],[23.70476384196276,47.84297763269592],[23.70727218304213,47.84617109948095],[23.71463222929788,47.84735280422348],[23.72174334619788,47.84525280177685],[23.732269134671835,47.84688476516799],[23.7285009624992,47.85295324048971],[23.728597761600568,47.85887735525959],[23.733844502617472,47.8686676201768],[23.727433187557345,47.87565680879145],[23.73446977253695,47.87915197808195],[23.74068804906906,47.88431971622329],[23.750525856363396,47.8859153999167],[23.751418616656775,47.890845729326195],[23.756018968891635,47.894075004067794],[23.756721577614456,47.89842698717107],[23.751667018835644,47.90239225573911],[23.75121377172881,47.90998224562084],[23.74886971273629,47.91178689968408],[23.746491232528673,47.913026857566],[23.744785724218474,47.92282008215302]]]},"properties":{"id":2151,"natCode":108945,"name":"Săpânța","natLevName":"Comuna","countyId":24,"countyCode":243,"county":"Maramureș","countyMn":"MM","regionId":6,"regionCode":868,"region":"Nord-Vest","version":"2025-03-26"}},{"type":"Feature","geometry":{"type":"Polygon","coordinates":[[[23.817118151105593,47.98198280811464],[23.800241143295302,47.986637152637],[23.791696661263884,47.98600682870395],[23.771812382106216,47.994945320913374],[23.762282156374642,47.99290429959442],[23.753935355835946,47.996203498886864],[23.743109577374963,47.995957606107304],[23.72870577419898,47.993486912501965],[23.720640833299722,47.99495747752912],[23.72676797786426,47.98650127448304],[23.72592109851365,47.97548569368088],[23.723951747755816,47.97525292152124],[23.724117360079582,47.96352796898571],[23.726122493168443,47.96104218423411],[23.720706704472768,47.956089410488744],[23.722367805220724,47.951966184306876],[23.727996276114858,47.95058358164414],[23.731763089759525,47.941773539801176],[23.725582452073944,47.93930124859407],[23.726345115140397,47.93263126312832],[23.744101130835904,47.9241579007037],[23.744785724218474,47.92282008215302],[23.75238330688793,47.93186820331025],[23.75894688265283,47.93543894884183],[23.761802413441167,47.9400624834091],[23.77592978314862,47.94670343640851],[23.78515337174622,47.94919486933295],[23.789039882276498,47.95467014362868],[23.796673228770803,47.95896574181832],[23.8021267336667,47.96399703177652],[23.802643455920766,47.9726437141346],[23.808114156263656,47.97968880723744],[23.817118151105593,47.98198280811464]]]},"properties":{"id":2153,"natCode":107715,"name":"Câmpulung la Tisa","natLevName":"Comuna","countyId":24,"countyCode":243,"county":"Maramureș","countyMn":"MM","regionId":6,"regionCode":868,"region":"Nord-Vest","version":"2025-03-26"}},{"type":"Feature","geometry":{"type":"Polygon","coordinates":[[[23.6613345550986,47.986291056789064],[23.64523645692879,47.99220851083316],[23.642194293947536,47.99973529344642],[23.63473327221535,48.00296310490164],[23.623645823236334,48.00262599542811],[23.610322669731147,48.00805975989862],[23.604305458579226,48.006319764281756],[23.593485062230627,48.00834244130125],[23.585157116321913,48.00367511259912],[23.577783402452138,48.005366989387056],[23.566336105252205,48.00307160157971],[23.55182413476757,48.00847125705181],[23.54070604544046,48.00988609335255],[23.536152721072295,48.01544496764088],[23.5290640099392,48.01982491710524],[23.525894565210205,48.01270706262364],[23.525694518042158,48.00478858971885],[23.52150502994706,47.999733839091604],[23.52128029719464,47.99468957481299],[23.51710033001,47.99263679126595],[23.512318183777,47.985568816238356],[23.505251653407978,47.98060234010739],[23.501054487414862,47.96869528900408],[23.493607478758307,47.96782944930958],[23.50225422567493,47.96001620433726],[23.518513435850465,47.952785563242294],[23.531058696142434,47.951484153849854],[23.54280659130499,47.94132372712206],[23.550536047135182,47.93975226443322],[23.56251601743068,47.943785273528576],[23.572935513563564,47.94745388851066],[23.581387460562116,47.94487994341938],[23.59698397062667,47.94305168746358],[23.60222085950359,47.94877263973444],[23.606403916920733,47.948645775967954],[23.61915715253029,47.951844016084046],[23.635904288196325,47.95052162525857],[23.636619383414388,47.9543390133927],[23.644953150659777,47.9565288907721],[23.642075872122543,47.962815972959426],[23.64599604696632,47.96609250122565],[23.65274093987583,47.96720254367639],[23.65765469907877,47.9725826141865],[23.6613345550986,47.986291056789064]]]},"properties":{"id":2158,"natCode":108552,"name":"Remeți","natLevName":"Comuna","countyId":24,"countyCode":243,"county":"Maramureș","countyMn":"MM","regionId":6,"regionCode":868,"region":"Nord-Vest","version":"2025-03-26"}},{"type":"Feature","geometry":{"type":"Polygon","coordinates":[[[23.28071420110877,47.797019612446064],[23.27555682697529,47.79593421888655],[23.261836509109912,47.797338600634504],[23.26016058943119,47.789337327336405],[23.24884989783214,47.78722696572762],[23.22482725164014,47.766409394541874],[23.23418937328689,47.765745663827374],[23.231184332999586,47.759103932851524],[23.23588148528731,47.75503697409145],[23.230100910735416,47.739166262593116],[23.237072262825208,47.73360256737361],[23.241820738506593,47.73079415481303],[23.242438177253124,47.72358953967226],[23.24855242036663,47.72325654880708],[23.254791182630218,47.72726850129374],[23.263335687696582,47.72650261902926],[23.27212911025254,47.72199148720929],[23.283921500653552,47.726178853810076],[23.291791450041888,47.7276262035137],[23.29603267848739,47.724209503890556],[23.294581118362185,47.718611001059095],[23.29929296581396,47.71742143309045],[23.303416790942308,47.71307670145901],[23.316631489284205,47.71247527351644],[23.320353477042065,47.71060573378864],[23.333436567489485,47.72265074603719],[23.33905590681512,47.72221579050136],[23.341878097102132,47.72611520467564],[23.340018222446368,47.72954053638785],[23.345310210640477,47.732620925622435],[23.33121823645926,47.74289979718002],[23.330130046651345,47.747341843302614],[23.33860188284826,47.753771328619365],[23.341254029601615,47.759677150577964],[23.34865823224534,47.759887067815015],[23.35538142848952,47.76792820633335],[23.353836835557917,47.77409716202826],[23.347395071689597,47.777749864937455],[23.34041867046338,47.77593333496811],[23.33052219315165,47.77726035409235],[23.321958142230976,47.77505796061451],[23.311203629295935,47.77491563147785],[23.307614613090106,47.77904258069974],[23.308682630597016,47.78604807802511],[23.30152736153469,47.78983052272314],[23.29223441190533,47.79082021490704],[23.28071420110877,47.797019612446064]]]},"properties":{"id":2446,"natCode":108963,"name":"Seini","natLevName":"Oras","countyId":24,"countyCode":243,"county":"Maramureș","countyMn":"MM","regionId":6,"regionCode":868,"region":"Nord-Vest","version":"2025-03-26"}},{"type":"Feature","geometry":{"type":"Polygon","coordinates":[[[23.39102966068369,47.77949717013255],[23.37551700893265,47.77961816684647],[23.36602786502194,47.77852070709462],[23.361513975554836,47.77528404037767],[23.353836835557917,47.77409716202826],[23.35538142848952,47.76792820633335],[23.34865823224534,47.759887067815015],[23.341254029601615,47.759677150577964],[23.33860188284826,47.753771328619365],[23.330130046651345,47.747341843302614],[23.33121823645926,47.74289979718002],[23.345310210640477,47.732620925622435],[23.340018222446368,47.72954053638785],[23.341878097102132,47.72611520467564],[23.33905590681512,47.72221579050136],[23.333436567489485,47.72265074603719],[23.320353477042065,47.71060573378864],[23.328994714999105,47.7088894520791],[23.337194044919897,47.71464300864339],[23.343063233890483,47.71214126358711],[23.342874362520607,47.70690917002642],[23.351790765192852,47.70567781625583],[23.36274771740011,47.69985277484016],[23.36195638958682,47.691527761856946],[23.36603812849584,47.685353039791345],[23.373352622683804,47.68881234441139],[23.380107979884677,47.689949087325274],[23.38534982026123,47.68820266542191],[23.387128090242914,47.68395221354807],[23.37813115077319,47.67951791919953],[23.389889944543054,47.67576102924815],[23.396134367545173,47.67501256619136],[23.41161995820858,47.67063088994677],[23.427969602544756,47.67273775127022],[23.43657786104523,47.67871200266508],[23.44142812320309,47.6886380781987],[23.437542332178438,47.69140823231489],[23.440235052450724,47.705734986774395],[23.437397133165913,47.71068793165995],[23.441348455864535,47.71481325477335],[23.441497210333818,47.72109815275211],[23.43834833220328,47.7235674100395],[23.431714927311027,47.737609996979884],[23.430964379189643,47.74385207472037],[23.43439604299332,47.74800780375311],[23.445550016171275,47.75532545814225],[23.450441469278456,47.76196854240372],[23.44559071903358,47.76664886087713],[23.430614694313714,47.77027482265221],[23.424685070144147,47.766541002037506],[23.414813590645377,47.76820472555265],[23.41328703998759,47.772521081662646],[23.407830863882882,47.775927124316446],[23.392526384896666,47.77589360140231],[23.39102966068369,47.77949717013255]]]},"properties":{"id":2448,"natCode":107662,"name":"Cicârlău","natLevName":"Comuna","countyId":24,"countyCode":243,"county":"Maramureș","countyMn":"MM","regionId":6,"regionCode":868,"region":"Nord-Vest","version":"2025-03-26"}},{"type":"Feature","geometry":{"type":"Polygon","coordinates":[[[23.256080555855174,47.527522554488854],[23.248720273489827,47.52340914188371],[23.240283362325798,47.525836985108384],[23.233847659627276,47.52465348991337],[23.228547119239963,47.520382013744324],[23.227905627327484,47.5168642154281],[23.21502312618086,47.51193005698645],[23.20714189489578,47.513688377900735],[23.19474349001288,47.512991228243926],[23.186161565047044,47.5139364554598],[23.17866446590782,47.51722432830266],[23.161499267031417,47.51985494488241],[23.15611591153546,47.51072499721887],[23.159568270525426,47.50981633141545],[23.163834733915273,47.5020312694887],[23.15999835408801,47.4976432372114],[23.168294210710926,47.49227848995977],[23.178767028109828,47.48767115853987],[23.184142720177153,47.482826323123],[23.19528199153192,47.47715627902843],[23.202348606425165,47.47059545004782],[23.217548487363043,47.478016594797424],[23.230105068887735,47.487019723970974],[23.235130150395946,47.4878560566719],[23.24051564181445,47.49374217976584],[23.255670462004424,47.496893148772784],[23.252689263722495,47.504738388754056],[23.266965110364435,47.51274053780097],[23.26781148936703,47.518549565189375],[23.260560641413036,47.51971021412599],[23.260830664406832,47.52546602107377],[23.256080555855174,47.527522554488854]]]},"properties":{"id":2902,"natCode":107047,"name":"Ariniș","natLevName":"Comuna","countyId":24,"countyCode":243,"county":"Maramureș","countyMn":"MM","regionId":6,"regionCode":868,"region":"Nord-Vest","version":"2025-03-26"}},{"type":"Feature","geometry":{"type":"Polygon","coordinates":[[[24.021597053666415,47.707390298550415],[24.003651326007315,47.71507092132113],[24.00380049007941,47.71798944153868],[23.995339039697804,47.7250792044701],[23.981502271311815,47.74996711917415],[23.979296687365412,47.75814890616817],[23.97394584906898,47.76478575026974],[23.954246924140836,47.77514501347739],[23.948461336151805,47.77151112249563],[23.94455007523658,47.77214431354486],[23.931291542595137,47.76094629310634],[23.926202360790604,47.76231524722536],[23.918203785812967,47.761419015263186],[23.921281005493757,47.752920370352285],[23.919161071606002,47.74714922901102],[23.925832965540796,47.73779619939639],[23.91774232724786,47.72835908645267],[23.91161165528214,47.72419480559588],[23.91246555619611,47.71544851181194],[23.90331591254374,47.696289472207944],[23.897448588171148,47.69405513610297],[23.8913306674105,47.69710455200047],[23.877656623009244,47.69543740755738],[23.873178245088244,47.692823878430254],[23.863406917521257,47.693292508503504],[23.86324432569704,47.689177488383955],[23.872286684444454,47.68348963794177],[23.880807527797675,47.68112210525969],[23.887478834444792,47.68112951446775],[23.89932730421042,47.67527329914491],[23.90052681315692,47.66862237005708],[23.90547214421641,47.66612678473241],[23.908257519915765,47.660208563045806],[23.91476125510086,47.66005115521931],[23.93078892968959,47.66475268317585],[23.94374544623503,47.66579286951812],[23.958544841888276,47.66458456377697],[23.9739555288971,47.6584026092733],[23.982635055377333,47.65883971641736],[23.985752933486282,47.66552803470907],[24.01399489193565,47.670869006526615],[24.017907786212202,47.67316790799345],[24.027865578411014,47.674950384040685],[24.029206611539834,47.682211583566826],[24.033885793227896,47.69199583931927],[24.038051981451435,47.69312664832372],[24.03238729546684,47.69435839254121],[24.027504381986564,47.698520337523924],[24.027254235748593,47.706551755314656],[24.021597053666415,47.707390298550415]]]},"properties":{"id":2903,"natCode":107519,"name":"Budești","natLevName":"Comuna","countyId":24,"countyCode":243,"county":"Maramureș","countyMn":"MM","regionId":6,"regionCode":868,"region":"Nord-Vest","version":"2025-03-26"}},{"type":"Feature","geometry":{"type":"Polygon","coordinates":[[[23.97457702820629,47.93427287193119],[23.96553809991465,47.937615737915806],[23.958607019039373,47.93440659455926],[23.94772787669432,47.94009564251744],[23.93967442960917,47.93965690461635],[23.938142024675653,47.942519483265244],[23.94357424901762,47.94543916074203],[23.945050576591488,47.95235234069509],[23.941975211144882,47.94846577612572],[23.930175220352403,47.94877750343202],[23.921159427238383,47.94525881435469],[23.913415770485784,47.94712328634655],[23.897710289120226,47.94474794139397],[23.89446660687526,47.94290245727993],[23.884389584161028,47.94424532485753],[23.867395703185277,47.93214607019339],[23.86412657618175,47.93175712290002],[23.85099292142205,47.93690912847215],[23.842394350813482,47.94384086177161],[23.843413134623216,47.94859448108105],[23.8358506511462,47.94459671079142],[23.836130007737207,47.94222790771546],[23.825366086203186,47.935457962923586],[23.82010585325903,47.93551827262456],[23.805455958170153,47.93903212252675],[23.80240484436841,47.94124690704848],[23.78074510210334,47.92765983659678],[23.77049404222844,47.92662269982318],[23.76401806498491,47.924316132804435],[23.75906597232849,47.918210437205104],[23.752582820449057,47.91682863778226],[23.74886971273629,47.91178689968408],[23.75121377172881,47.90998224562084],[23.751667018835644,47.90239225573911],[23.756721577614456,47.89842698717107],[23.756018968891635,47.894075004067794],[23.751418616656775,47.890845729326195],[23.750525856363396,47.8859153999167],[23.74068804906906,47.88431971622329],[23.73446977253695,47.87915197808195],[23.727433187557345,47.87565680879145],[23.733844502617472,47.8686676201768],[23.728597761600568,47.85887735525959],[23.7285009624992,47.85295324048971],[23.732269134671835,47.84688476516799],[23.740321206600893,47.849314756857694],[23.755230656484784,47.847401903009604],[23.761106109152784,47.84236232772822],[23.77083552454435,47.84396596652087],[23.790217187837666,47.85242426756025],[23.79958394380764,47.85545753120051],[23.807468941092296,47.85629361835257],[23.820669703620965,47.849970979710065],[23.828835521675074,47.855245529501865],[23.83301880488083,47.85390377332751],[23.836949348230217,47.860358943172635],[23.855467052691964,47.86183804835499],[23.858265432341295,47.863959412699536],[23.873630850233226,47.86378733152767],[23.878811544436072,47.861265088997285],[23.891667126718346,47.862117779978156],[23.902757420090754,47.86642474403902],[23.91163390359588,47.8683751072918],[23.914041579649105,47.87928304456289],[23.92166517462761,47.883921214829606],[23.922179147979268,47.88880752163378],[23.93082192733291,47.89143060847352],[23.940532372428965,47.89139025003223],[23.94555037618624,47.89516617888953],[23.951351052225668,47.89582919118105],[23.953380309669914,47.892057176871],[23.96181954217367,47.88699090963615],[23.970134687368795,47.88905591486081],[23.973000619739288,47.89230590219577],[23.969123325125654,47.90079065471323],[23.969830167607498,47.906727807584815],[23.966231631552407,47.910532459909504],[23.968051094057632,47.91888967777604],[23.972571974031265,47.923322650834194],[23.966200338384873,47.93066456054396],[23.96770450908592,47.93421223071448],[23.97457702820629,47.93427287193119]]]},"properties":{"id":2904,"natCode":106559,"name":"Sighetu Marmației","natLevName":"Municipiu, altul decat resedinta de judet","countyId":24,"countyCode":243,"county":"Maramureș","countyMn":"MM","regionId":6,"regionCode":868,"region":"Nord-Vest","version":"2025-03-26"}},{"type":"Feature","geometry":{"type":"Polygon","coordinates":[[[23.843413134623216,47.94859448108105],[23.832600870461498,47.960696855696455],[23.834290272863186,47.96701572409083],[23.818894120632848,47.97453354399565],[23.821549493589448,47.97899774857459],[23.817118151105593,47.98198280811464],[23.808114156263656,47.97968880723744],[23.802643455920766,47.9726437141346],[23.8021267336667,47.96399703177652],[23.796673228770803,47.95896574181832],[23.789039882276498,47.95467014362868],[23.78515337174622,47.94919486933295],[23.77592978314862,47.94670343640851],[23.761802413441167,47.9400624834091],[23.75894688265283,47.93543894884183],[23.75238330688793,47.93186820331025],[23.744785724218474,47.92282008215302],[23.746491232528673,47.913026857566],[23.74886971273629,47.91178689968408],[23.752582820449057,47.91682863778226],[23.75906597232849,47.918210437205104],[23.76401806498491,47.924316132804435],[23.77049404222844,47.92662269982318],[23.78074510210334,47.92765983659678],[23.80240484436841,47.94124690704848],[23.805455958170153,47.93903212252675],[23.82010585325903,47.93551827262456],[23.825366086203186,47.935457962923586],[23.836130007737207,47.94222790771546],[23.8358506511462,47.94459671079142],[23.843413134623216,47.94859448108105]]]},"properties":{"id":2905,"natCode":106620,"name":"Sarasău","natLevName":"Comuna","countyId":24,"countyCode":243,"county":"Maramureș","countyMn":"MM","regionId":6,"regionCode":868,"region":"Nord-Vest","version":"2025-03-26"}},{"type":"Feature","geometry":{"type":"Polygon","coordinates":[[[23.482471155544037,47.65653568128664],[23.503044143232867,47.666918596502036],[23.503539338367784,47.67345761271667],[23.49811865892817,47.67931902345475],[23.50104003197952,47.68458361961836],[23.50282780980071,47.69308856509346],[23.51174016767759,47.69548933510078],[23.516373928364455,47.69996073712497],[23.509076443555067,47.7026065601472],[23.524028021241048,47.716574129131196],[23.52904996440758,47.716473064827476],[23.535122859780788,47.723754488392814],[23.540084171683915,47.725768868808544],[23.55018218357464,47.72261292793343],[23.558293081932707,47.72355777905797],[23.557465726422333,47.73782808147661],[23.554949806897216,47.74066708386874],[23.560877924651425,47.7455684090853],[23.563738527597177,47.750534743451006],[23.563194120702587,47.75555927996856],[23.570848955631963,47.758429732378126],[23.569370016020404,47.762383860867416],[23.562552516806345,47.7662129139292],[23.564950675656366,47.76897407178444],[23.56290333050799,47.78247395929359],[23.5716961471265,47.78946457345005],[23.568588548086865,47.79641219660746],[23.560530741609625,47.80420439086187],[23.54691619673975,47.80390314546983],[23.53646487592246,47.80156329540584],[23.532131000577895,47.79527721009843],[23.518364117095157,47.795929259523625],[23.5091229029507,47.78839500539154],[23.500896628118777,47.78862936570961],[23.49361532593547,47.78369007343432],[23.487626246336585,47.78402681200892],[23.47204174690514,47.77869677112938],[23.471113825562274,47.77435180234088],[23.465098558186902,47.77042177631658],[23.46402926108251,47.76684266812474],[23.450441469278456,47.76196854240372],[23.445550016171275,47.75532545814225],[23.43439604299332,47.74800780375311],[23.430964379189643,47.74385207472037],[23.431714927311027,47.737609996979884],[23.43834833220328,47.7235674100395],[23.441497210333818,47.72109815275211],[23.441348455864535,47.71481325477335],[23.437397133165913,47.71068793165995],[23.440235052450724,47.705734986774395],[23.437542332178438,47.69140823231489],[23.44142812320309,47.6886380781987],[23.43657786104523,47.67871200266508],[23.427969602544756,47.67273775127022],[23.41161995820858,47.67063088994677],[23.396134367545173,47.67501256619136],[23.389889944543054,47.67576102924815],[23.37813115077319,47.67951791919953],[23.371661801421787,47.67428687029451],[23.373524177265928,47.67172124897643],[23.380456332051374,47.67268108174424],[23.389467546984164,47.666896115992046],[23.396954856244957,47.66629348018373],[23.399025022497494,47.65681224274901],[23.393921659365652,47.65251814821131],[23.401691991151456,47.649949028090276],[23.399424731074056,47.64648031463106],[23.412814128899882,47.647392957450535],[23.41855882389753,47.647017940033486],[23.417332915517814,47.64207545545969],[23.427256368830204,47.63862479923404],[23.43454916900583,47.63913768651002],[23.44091013298625,47.63361593006627],[23.4468409952027,47.636291989936595],[23.451594613643316,47.63308558162901],[23.450507458161734,47.62818279206671],[23.458666203091767,47.62360199735749],[23.466088342577706,47.63001097729192],[23.466773864705775,47.639268120495906],[23.461860541123773,47.6424347069744],[23.46979416161023,47.64989371449588],[23.470239861545824,47.6539954282312],[23.482471155544037,47.65653568128664]]]},"properties":{"id":3001,"natCode":106461,"name":"Tăuții-Măgherăuș","natLevName":"Oras","countyId":24,"countyCode":243,"county":"Maramureș","countyMn":"MM","regionId":6,"regionCode":868,"region":"Nord-Vest","version":"2025-03-26"}},{"type":"Feature","geometry":{"type":"Polygon","coordinates":[[[23.68740230284526,47.83785256727744],[23.68546822963729,47.84242826209524],[23.6770550224481,47.84511010248415],[23.671690614856423,47.84277499296031],[23.659525438370945,47.84409870730523],[23.64954721663927,47.84710746482576],[23.637762247547965,47.85825664526297],[23.632525081430884,47.85740721106515],[23.626988830216153,47.85292979343673],[23.621093818881224,47.85156500713228],[23.612942342464105,47.846072358809266],[23.608327920421026,47.85071039729157],[23.601746733785728,47.8517765396737],[23.594095695832802,47.84914060322945],[23.58736713319403,47.843160742982576],[23.583155071211632,47.836291857762205],[23.574387191225522,47.83649824119863],[23.572641138872964,47.83231737817255],[23.574707774200558,47.82410727254087],[23.56231294285457,47.816160373033284],[23.560530741609625,47.80420439086187],[23.568588548086865,47.79641219660746],[23.5716961471265,47.78946457345005],[23.56290333050799,47.78247395929359],[23.564950675656366,47.76897407178444],[23.562552516806345,47.7662129139292],[23.569370016020404,47.762383860867416],[23.570848955631963,47.758429732378126],[23.563194120702587,47.75555927996856],[23.563738527597177,47.750534743451006],[23.560877924651425,47.7455684090853],[23.554949806897216,47.74066708386874],[23.557465726422333,47.73782808147661],[23.558293081932707,47.72355777905797],[23.55018218357464,47.72261292793343],[23.540084171683915,47.725768868808544],[23.535122859780788,47.723754488392814],[23.52904996440758,47.716473064827476],[23.524028021241048,47.716574129131196],[23.509076443555067,47.7026065601472],[23.516373928364455,47.69996073712497],[23.51174016767759,47.69548933510078],[23.50282780980071,47.69308856509346],[23.50104003197952,47.68458361961836],[23.49811865892817,47.67931902345475],[23.503539338367784,47.67345761271667],[23.503044143232867,47.666918596502036],[23.482471155544037,47.65653568128664],[23.490414008964233,47.65527156888024],[23.504399322244232,47.65590844752419],[23.510462955994633,47.65430685828014],[23.516800963416348,47.64988370138813],[23.522319174744386,47.64195187218193],[23.524727309163698,47.63270496675018],[23.53857886062904,47.63038569536795],[23.542998572957867,47.63316675202547],[23.544189697249838,47.62274306483931],[23.561409807930374,47.62689334237188],[23.563397244791204,47.63061838572322],[23.58468478523981,47.63796246801151],[23.593006499413747,47.63484018929773],[23.59491408179484,47.62931622160136],[23.61712354987371,47.630641359361015],[23.612324396993223,47.6445590811598],[23.620859276776493,47.64772069464615],[23.615010520749383,47.66162422531422],[23.62038426197882,47.66368978305621],[23.626631971210564,47.67011259432631],[23.634624814729744,47.67236849252877],[23.648402347021825,47.67963712594253],[23.650060479673737,47.68521679420532],[23.65569884722175,47.68648583219975],[23.6632073020225,47.69553924976733],[23.657628428680113,47.701071451713055],[23.66313211017838,47.7024035639193],[23.673518342157134,47.71209678229049],[23.682200481779553,47.715752162815846],[23.67900425589125,47.720512739116],[23.679951354008104,47.72598116993759],[23.684037032674183,47.72835687791058],[23.684372726611223,47.73288066722622],[23.68981396964999,47.73452006588632],[23.698305090037273,47.73071808757681],[23.70509431221375,47.73120539382128],[23.70104366011354,47.73491966453118],[23.705783150837902,47.744010962923824],[23.698534711979633,47.75003044312346],[23.695315207968555,47.757626895360225],[23.697731681722132,47.76665397937259],[23.693060373578263,47.768690622459],[23.692782181492433,47.773791975611715],[23.688434017875807,47.78121414734134],[23.690655634974046,47.78989750844298],[23.685263357251216,47.7978891736433],[23.678808209360515,47.80136881563971],[23.678360235563378,47.80776765090714],[23.685354333671675,47.81057504602168],[23.69029079250663,47.80757142328474],[23.705221657877214,47.80905015727507],[23.711641356884858,47.813164679740666],[23.71011839167133,47.820754230908086],[23.697147545222567,47.82460459877164],[23.69608180872075,47.830673924363325],[23.684059111869317,47.834689425593105],[23.68740230284526,47.83785256727744]]]},"properties":{"id":3002,"natCode":106318,"name":"Baia Mare","natLevName":"Municipiu resedinta de judet","countyId":24,"countyCode":243,"county":"Maramureș","countyMn":"MM","regionId":6,"regionCode":868,"region":"Nord-Vest","version":"2025-03-26"}},{"type":"Feature","geometry":{"type":"Polygon","coordinates":[[[23.544189697249838,47.62274306483931],[23.542998572957867,47.63316675202547],[23.53857886062904,47.63038569536795],[23.524727309163698,47.63270496675018],[23.522319174744386,47.64195187218193],[23.516800963416348,47.64988370138813],[23.510462955994633,47.65430685828014],[23.504399322244232,47.65590844752419],[23.490414008964233,47.65527156888024],[23.482471155544037,47.65653568128664],[23.470239861545824,47.6539954282312],[23.46979416161023,47.64989371449588],[23.461860541123773,47.6424347069744],[23.466773864705775,47.639268120495906],[23.466088342577706,47.63001097729192],[23.458666203091767,47.62360199735749],[23.450507458161734,47.62818279206671],[23.451594613643316,47.63308558162901],[23.4468409952027,47.636291989936595],[23.44091013298625,47.63361593006627],[23.43454916900583,47.63913768651002],[23.427256368830204,47.63862479923404],[23.417332915517814,47.64207545545969],[23.41855882389753,47.647017940033486],[23.412814128899882,47.647392957450535],[23.40398533721926,47.63663600844891],[23.40138717977208,47.635772045666045],[23.407002470409797,47.625160295998256],[23.421208994408627,47.61825924180971],[23.422635617707755,47.61555567840126],[23.42668472637016,47.609506173747455],[23.440190756437215,47.60453173048244],[23.44891703980233,47.60427896276108],[23.453534165065875,47.59952102979112],[23.466128829877942,47.59384333468462],[23.47405036677636,47.595116618267326],[23.483058155967942,47.59265105907415],[23.49875663526759,47.58541257496485],[23.500024264923955,47.592935721019415],[23.50596580186611,47.59911691027392],[23.507615330669672,47.606419986917885],[23.504329431349724,47.612093561493275],[23.50860309666917,47.61872802947389],[23.520354233177727,47.61800705688],[23.520930673346086,47.611277661252274],[23.52691676187375,47.611421521668966],[23.531324058751924,47.61442393804163],[23.54007411195697,47.612924409656024],[23.545292374649716,47.6088200687997],[23.542636228227202,47.613734878772036],[23.544189697249838,47.62274306483931]]]},"properties":{"id":3003,"natCode":106407,"name":"Recea","natLevName":"Comuna","countyId":24,"countyCode":243,"county":"Maramureș","countyMn":"MM","regionId":6,"regionCode":868,"region":"Nord-Vest","version":"2025-03-26"}},{"type":"Feature","geometry":{"type":"Polygon","coordinates":[[[23.373524177265928,47.67172124897643],[23.363344013061838,47.66540887232616],[23.358204869070168,47.67404877387564],[23.353189504480973,47.67211639374204],[23.356002145176678,47.667730837625086],[23.352248722903692,47.66408639786247],[23.34404412140411,47.661161924392914],[23.334338112485522,47.65240975464834],[23.335187388884332,47.647388855102896],[23.33994862957676,47.64383368128955],[23.343000681296186,47.640974311330936],[23.346747700298074,47.63145315401563],[23.341863152571186,47.62342324678945],[23.346379066019416,47.617006045056954],[23.352071270250132,47.61578828739738],[23.36709421774908,47.618357640487254],[23.373251118971382,47.616041431525254],[23.384484147520954,47.616014910995624],[23.385912009188164,47.61362485865258],[23.381455863883428,47.60795482877064],[23.39329663562887,47.60232271917934],[23.393664779093257,47.59809611603091],[23.39804562280632,47.59657550647162],[23.401740213987612,47.596918519991995],[23.41321287662224,47.60406937169834],[23.415341288759105,47.609993363959354],[23.42015073460208,47.609100235301],[23.422635617707755,47.61555567840126],[23.421208994408627,47.61825924180971],[23.407002470409797,47.625160295998256],[23.40138717977208,47.635772045666045],[23.40398533721926,47.63663600844891],[23.412814128899882,47.647392957450535],[23.399424731074056,47.64648031463106],[23.401691991151456,47.649949028090276],[23.393921659365652,47.65251814821131],[23.399025022497494,47.65681224274901],[23.396954856244957,47.66629348018373],[23.389467546984164,47.666896115992046],[23.380456332051374,47.67268108174424],[23.373524177265928,47.67172124897643]]]},"properties":{"id":3060,"natCode":107001,"name":"Ardusat","natLevName":"Comuna","countyId":24,"countyCode":243,"county":"Maramureș","countyMn":"MM","regionId":6,"regionCode":868,"region":"Nord-Vest","version":"2025-03-26"}}]}